{
	"format_version": "1.21.6",
	"credit": "Made with Blockbench",
	"parent": "bow",
	"texture_size": [32, 32],
	"textures": {
		"0": "item/bow",
		"particle": "item/bow"
	},
	"elements": [
		{
			"from": [8.7, -1, 8.7],
			"to": [8.7, 8, 9.2],
			"rotation": {"angle": 0, "axis": "y", "origin": [5.35, 8.7, 7.7]},
			"faces": {
				"east": {"uv": [11, 0, 10.5, 6.5], "texture": "#0"},
				"west": {"uv": [10.5, 0, 11, 6.5], "texture": "#0"}
			}
		},
		{
			"from": [8.7, 8, 8.7],
			"to": [8.7, 17, 9.2],
			"rotation": {"angle": 0, "axis": "y", "origin": [5.35, 17.7, 7.7]},
			"faces": {
				"east": {"uv": [10.5, 0, 11, 6.5], "texture": "#0"},
				"west": {"uv": [10.5, 0, 11, 6.5], "texture": "#0"}
			}
		},
		{
			"from": [8.5, 11, 5.25],
			"to": [9.5, 14, 6.75],
			"rotation": {"angle": -22.5, "axis": "x", "origin": [8.5, 11, 6.75]},
			"faces": {
				"north": {"uv": [6.5, 0, 7, 2], "texture": "#0"},
				"east": {"uv": [4.5, 0, 5.5, 2], "texture": "#0"},
				"south": {"uv": [7, 0, 7.5, 2], "texture": "#0"},
				"west": {"uv": [5.5, 0, 6.5, 2], "texture": "#0"}
			}
		},
		{
			"from": [8.5, 16.37959, 8.01943],
			"to": [9.5, 17.87959, 9.51943],
			"rotation": {"angle": 0, "axis": "y", "origin": [8.5, 16.37959, 9.51943]},
			"faces": {
				"north": {"uv": [2, 5, 2.5, 6], "texture": "#0"},
				"east": {"uv": [0, 5, 1, 6], "texture": "#0"},
				"south": {"uv": [2.5, 5, 3, 6], "texture": "#0"},
				"west": {"uv": [1, 5, 2, 6], "texture": "#0"}
			}
		},
		{
			"from": [8.5, 17.87959, 8.01943],
			"to": [9.5, 19.37959, 9.51943],
			"rotation": {"angle": -45, "axis": "x", "origin": [8.5, 17.87959, 9.51943]},
			"faces": {
				"north": {"uv": [2, 7, 2.5, 8], "texture": "#0"},
				"east": {"uv": [1, 7, 2, 8], "texture": "#0"},
				"south": {"uv": [2.5, 7, 3, 8], "texture": "#0"},
				"west": {"uv": [0, 7, 1, 8], "texture": "#0"},
				"up": {"uv": [1, 7, 0, 6.5], "rotation": 270, "texture": "#0"}
			}
		},
		{
			"from": [8.5, 12.13695, 3.77679],
			"to": [9.5, 18.13695, 5.27679],
			"rotation": {"angle": 45, "axis": "x", "origin": [8.5, 12.13695, 5.27679]},
			"faces": {
				"north": {"uv": [6.5, 2.5, 7, 7], "texture": "#0"},
				"east": {"uv": [5.5, 2.5, 6.5, 7], "texture": "#0"},
				"south": {"uv": [7, 2.5, 7.5, 7], "texture": "#0"},
				"west": {"uv": [4.5, 2.5, 5.5, 7], "texture": "#0"}
			}
		},
		{
			"from": [8.4, 17.03695, 3.67679],
			"to": [9.6, 17.53695, 5.37679],
			"rotation": {"angle": 45, "axis": "x", "origin": [8.5, 12.13695, 5.27679]},
			"faces": {
				"north": {"uv": [8, 1, 9.5, 1.5], "texture": "#0"},
				"east": {"uv": [8, 0.5, 9.5, 1], "texture": "#0"},
				"south": {"uv": [8, 1.5, 9.5, 2], "texture": "#0"},
				"west": {"uv": [8, 0, 9.5, 0.5], "texture": "#0"},
				"up": {"uv": [8, 2, 9.5, 3], "rotation": 270, "texture": "#0"},
				"down": {"uv": [8, 3, 9.5, 4], "rotation": 90, "texture": "#0"}
			}
		},
		{
			"from": [8.5, 2, 5.25],
			"to": [9.5, 5, 6.75],
			"rotation": {"angle": 22.5, "axis": "x", "origin": [8.5, 5, 6.75]},
			"faces": {
				"north": {"uv": [6.5, 2, 7, 0], "texture": "#0"},
				"east": {"uv": [4.5, 2, 5.5, 0], "texture": "#0"},
				"south": {"uv": [7, 2, 7.5, 0], "texture": "#0"},
				"west": {"uv": [5.5, 2, 6.5, 0], "texture": "#0"}
			}
		},
		{
			"from": [8.5, -1.87959, 8.01943],
			"to": [9.5, -0.37959, 9.51943],
			"rotation": {"angle": 0, "axis": "y", "origin": [8.5, -0.37959, 9.51943]},
			"faces": {
				"north": {"uv": [2, 6, 2.5, 5], "texture": "#0"},
				"east": {"uv": [0, 6, 1, 5], "texture": "#0"},
				"south": {"uv": [2.5, 6, 3, 5], "texture": "#0"},
				"west": {"uv": [1, 6, 2, 5], "texture": "#0"}
			}
		},
		{
			"from": [8.5, -3.37959, 8.01943],
			"to": [9.5, -1.87959, 9.51943],
			"rotation": {"angle": 45, "axis": "x", "origin": [8.5, -1.87959, 9.51943]},
			"faces": {
				"north": {"uv": [2, 8, 2.5, 7], "texture": "#0"},
				"east": {"uv": [1, 8, 2, 7], "texture": "#0"},
				"south": {"uv": [2.5, 8, 3, 7], "texture": "#0"},
				"west": {"uv": [0, 8, 1, 7], "texture": "#0"},
				"down": {"uv": [0, 7, 1, 6.5], "rotation": 270, "texture": "#0"}
			}
		},
		{
			"from": [8.5, -2.13695, 3.77679],
			"to": [9.5, 3.86305, 5.27679],
			"rotation": {"angle": -45, "axis": "x", "origin": [8.5, 3.86305, 5.27679]},
			"faces": {
				"north": {"uv": [6.5, 7, 7, 2.5], "texture": "#0"},
				"east": {"uv": [5.5, 7, 6.5, 2.5], "texture": "#0"},
				"south": {"uv": [7, 7, 7.5, 2.5], "texture": "#0"},
				"west": {"uv": [4.5, 7, 5.5, 2.5], "texture": "#0"}
			}
		},
		{
			"from": [8.4, -1.53695, 3.67679],
			"to": [9.6, -1.03695, 5.37679],
			"rotation": {"angle": -45, "axis": "x", "origin": [8.5, 3.86305, 5.27679]},
			"faces": {
				"north": {"uv": [8, 1.5, 9.5, 1], "texture": "#0"},
				"east": {"uv": [8, 1, 9.5, 0.5], "texture": "#0"},
				"south": {"uv": [8, 2, 9.5, 1.5], "texture": "#0"},
				"west": {"uv": [8, 0.5, 9.5, 0], "texture": "#0"},
				"up": {"uv": [9.5, 3, 8, 4], "rotation": 90, "texture": "#0"},
				"down": {"uv": [9.5, 2, 8, 3], "rotation": 270, "texture": "#0"}
			}
		},
		{
			"from": [8.35, 10, 5],
			"to": [9.65, 11, 6.9],
			"rotation": {"angle": 0, "axis": "y", "origin": [9, 10.25, 8]},
			"faces": {
				"north": {"uv": [2, 3.5, 3, 4], "texture": "#0"},
				"east": {"uv": [2, 4, 3, 4.5], "texture": "#0"},
				"south": {"uv": [0, 3, 1, 3.5], "texture": "#0"},
				"west": {"uv": [1, 3, 2, 3.5], "texture": "#0"},
				"up": {"uv": [2, 4.5, 1, 3.5], "rotation": 270, "texture": "#0"},
				"down": {"uv": [1, 3.5, 0, 4.5], "rotation": 90, "texture": "#0"}
			}
		},
		{
			"from": [8.35, 5, 5],
			"to": [9.65, 6, 6.9],
			"rotation": {"angle": 0, "axis": "y", "origin": [9, 5.25, 8]},
			"faces": {
				"north": {"uv": [2, 3.5, 3, 4], "texture": "#0"},
				"east": {"uv": [2, 4, 3, 4.5], "texture": "#0"},
				"south": {"uv": [0, 3, 1, 3.5], "texture": "#0"},
				"west": {"uv": [1, 3, 2, 3.5], "texture": "#0"},
				"up": {"uv": [1, 4.5, 0, 3.5], "rotation": 270, "texture": "#0"},
				"down": {"uv": [2, 3.5, 1, 4.5], "rotation": 90, "texture": "#0"}
			}
		},
		{
			"from": [8.5, 6, 5.25],
			"to": [9.5, 10, 6.75],
			"rotation": {"angle": 0, "axis": "y", "origin": [8, 4.5, 7]},
			"faces": {
				"north": {"uv": [2, 0, 3, 2.5], "texture": "#0"},
				"east": {"uv": [0, 0, 1, 2.5], "texture": "#0"},
				"south": {"uv": [3, 0, 4, 2.5], "texture": "#0"},
				"west": {"uv": [1, 0, 2, 2.5], "texture": "#0"}
			}
		}
	],
	"gui_light": "front",
	"display": {
		"thirdperson_righthand": {
			"translation": [-2, -2, 2.75],
			"scale": [1.1, 1.1, 1.1]
		},
		"thirdperson_lefthand": {
			"translation": [0, -2, 2.75],
			"scale": [1.1, 1.1, 1.1]
		},
		"firstperson_righthand": {
			"translation": [1.75, -3, 0]
		},
		"firstperson_lefthand": {
			"translation": [3.5, -3, 0]
		},
		"ground": {
			"rotation": [0, 0, 90]
		},
		"gui": {
			"rotation": [90, 45, -90],
			"translation": [-0.75, 0.75, 0],
			"scale": [0.9, 0.9, 0.9]
		},
		"fixed": {
			"rotation": [90, -45, -90],
			"translation": [0.5, 0.25, 1.25],
			"scale": [1.2, 1.2, 1.2]
		}
	},
	"groups": [
		0,
		1,
		{
			"name": "top",
			"origin": [9.72321, 4.13695, 7.5],
			"color": 0,
			"children": [2, 3, 4, 5, 6]
		},
		{
			"name": "bottom",
			"origin": [9.72321, 4.13695, 7.5],
			"color": 0,
			"children": [7, 8, 9, 10, 11]
		},
		{
			"name": "center",
			"origin": [9, 2.25, 8],
			"color": 0,
			"children": [12, 13, 14]
		}
	]
}