{
	"format_version": "1.21.6",
	"credit": "Made with Blockbench",
	"parent": "bow",
	"texture_size": [32, 32],
	"textures": {
		"0": "item/bow",
		"particle": "item/bow"
	},
	"elements": [
		{
			"from": [8.7, 8, 12.5],
			"to": [8.7, 17, 13],
			"rotation": {"angle": -22.5, "axis": "x", "origin": [8.7, 8, 13]},
			"faces": {
				"east": {"uv": [10.5, 0, 11, 6.5], "texture": "#0"},
				"west": {"uv": [10.5, 0, 11, 6.5], "texture": "#0"}
			}
		},
		{
			"from": [8.7, -1, 12.5],
			"to": [8.7, 8, 13],
			"rotation": {"angle": 22.5, "axis": "x", "origin": [8.7, 8, 13]},
			"faces": {
				"east": {"uv": [11, 0, 10.5, 6.5], "texture": "#0"},
				"west": {"uv": [10.5, 0, 11, 6.5], "texture": "#0"}
			}
		},
		{
			"from": [8.35, 10, 5],
			"to": [9.65, 11, 6.9],
			"rotation": {"angle": 0, "axis": "y", "origin": [9, 10.25, 8]},
			"faces": {
				"north": {"uv": [2, 3.5, 3, 4], "texture": "#0"},
				"east": {"uv": [2, 4, 3, 4.5], "texture": "#0"},
				"south": {"uv": [0, 3, 1, 3.5], "texture": "#0"},
				"west": {"uv": [1, 3, 2, 3.5], "texture": "#0"},
				"up": {"uv": [2, 4.5, 1, 3.5], "rotation": 270, "texture": "#0"},
				"down": {"uv": [1, 3.5, 0, 4.5], "rotation": 90, "texture": "#0"}
			}
		},
		{
			"from": [8.35, 5, 5],
			"to": [9.65, 6, 6.9],
			"rotation": {"angle": 0, "axis": "y", "origin": [9, 5.25, 8]},
			"faces": {
				"north": {"uv": [2, 3.5, 3, 4], "texture": "#0"},
				"east": {"uv": [2, 4, 3, 4.5], "texture": "#0"},
				"south": {"uv": [0, 3, 1, 3.5], "texture": "#0"},
				"west": {"uv": [1, 3, 2, 3.5], "texture": "#0"},
				"up": {"uv": [1, 4.5, 0, 3.5], "rotation": 270, "texture": "#0"},
				"down": {"uv": [2, 3.5, 1, 4.5], "rotation": 90, "texture": "#0"}
			}
		},
		{
			"from": [8.5, 6, 5.25],
			"to": [9.5, 10, 6.75],
			"rotation": {"angle": 0, "axis": "y", "origin": [8, 4.5, 7]},
			"faces": {
				"north": {"uv": [2, 0, 3, 2.5], "texture": "#0"},
				"east": {"uv": [0, 0, 1, 2.5], "texture": "#0"},
				"south": {"uv": [3, 0, 4, 2.5], "texture": "#0"},
				"west": {"uv": [1, 0, 2, 2.5], "texture": "#0"}
			}
		},
		{
			"from": [8.5, 11, 5.25],
			"to": [9.5, 13, 6.75],
			"rotation": {"angle": 0, "axis": "x", "origin": [8.5, 11, 6.75]},
			"faces": {
				"north": {"uv": [6.5, 0, 7, 2], "texture": "#0"},
				"east": {"uv": [4.5, 0, 5.5, 2], "texture": "#0"},
				"south": {"uv": [7, 0, 7.5, 2], "texture": "#0"},
				"west": {"uv": [5.5, 0, 6.5, 2], "texture": "#0"}
			}
		},
		{
			"from": [8.5, 16.18198, 9.0533],
			"to": [9.5, 17.68198, 10.5533],
			"rotation": {"angle": 0, "axis": "y", "origin": [8.5, 16.18198, 10.5533]},
			"faces": {
				"north": {"uv": [2, 5, 2.5, 6], "texture": "#0"},
				"east": {"uv": [0, 5, 1, 6], "texture": "#0"},
				"south": {"uv": [2.5, 5, 3, 6], "texture": "#0"},
				"west": {"uv": [1, 5, 2, 6], "texture": "#0"}
			}
		},
		{
			"from": [8.5, 17.68198, 9.0533],
			"to": [9.5, 19.18198, 10.5533],
			"rotation": {"angle": -45, "axis": "x", "origin": [8.5, 17.68198, 10.5533]},
			"faces": {
				"north": {"uv": [2, 7, 2.5, 8], "texture": "#0"},
				"east": {"uv": [1, 7, 2, 8], "texture": "#0"},
				"south": {"uv": [2.5, 7, 3, 8], "texture": "#0"},
				"west": {"uv": [0, 7, 1, 8], "texture": "#0"},
				"up": {"uv": [1, 7, 0, 6.5], "rotation": 270, "texture": "#0"}
			}
		},
		{
			"from": [8.5, 11.93934, 4.81066],
			"to": [9.5, 17.93934, 6.31066],
			"rotation": {"angle": 45, "axis": "x", "origin": [8.5, 11.93934, 6.31066]},
			"faces": {
				"north": {"uv": [6.5, 2.5, 7, 7], "texture": "#0"},
				"east": {"uv": [5.5, 2.5, 6.5, 7], "texture": "#0"},
				"south": {"uv": [7, 2.5, 7.5, 7], "texture": "#0"},
				"west": {"uv": [4.5, 2.5, 5.5, 7], "texture": "#0"}
			}
		},
		{
			"from": [8.4, 15.44401, 8.66461],
			"to": [9.6, 15.94401, 10.36461],
			"rotation": {"angle": 45, "axis": "x", "origin": [9, 16.19401, 9.51461]},
			"faces": {
				"north": {"uv": [8, 1, 9.5, 1.5], "texture": "#0"},
				"east": {"uv": [8, 0.5, 9.5, 1], "texture": "#0"},
				"south": {"uv": [8, 1.5, 9.5, 2], "texture": "#0"},
				"west": {"uv": [8, 0, 9.5, 0.5], "texture": "#0"},
				"up": {"uv": [8, 2, 9.5, 3], "rotation": 270, "texture": "#0"},
				"down": {"uv": [8, 3, 9.5, 4], "rotation": 90, "texture": "#0"}
			}
		},
		{
			"from": [8.5, 3, 5.25],
			"to": [9.5, 5, 6.75],
			"rotation": {"angle": 0, "axis": "x", "origin": [8.5, 5, 6.75]},
			"faces": {
				"north": {"uv": [6.5, 2, 7, 0], "texture": "#0"},
				"east": {"uv": [4.5, 2, 5.5, 0], "texture": "#0"},
				"south": {"uv": [7, 2, 7.5, 0], "texture": "#0"},
				"west": {"uv": [5.5, 2, 6.5, 0], "texture": "#0"}
			}
		},
		{
			"from": [8.5, -1.68198, 9.0533],
			"to": [9.5, -0.18198, 10.5533],
			"rotation": {"angle": 0, "axis": "y", "origin": [8.5, -0.18198, 10.5533]},
			"faces": {
				"north": {"uv": [2, 6, 2.5, 5], "texture": "#0"},
				"east": {"uv": [0, 6, 1, 5], "texture": "#0"},
				"south": {"uv": [2.5, 6, 3, 5], "texture": "#0"},
				"west": {"uv": [1, 6, 2, 5], "texture": "#0"}
			}
		},
		{
			"from": [8.5, -3.18198, 9.0533],
			"to": [9.5, -1.68198, 10.5533],
			"rotation": {"angle": 45, "axis": "x", "origin": [8.5, -1.68198, 10.5533]},
			"faces": {
				"north": {"uv": [2, 8, 2.5, 7], "texture": "#0"},
				"east": {"uv": [1, 8, 2, 7], "texture": "#0"},
				"south": {"uv": [2.5, 8, 3, 7], "texture": "#0"},
				"west": {"uv": [0, 8, 1, 7], "texture": "#0"},
				"down": {"uv": [0, 7, 1, 6.5], "rotation": 270, "texture": "#0"}
			}
		},
		{
			"from": [8.5, -1.93934, 4.81066],
			"to": [9.5, 4.06066, 6.31066],
			"rotation": {"angle": -45, "axis": "x", "origin": [8.5, 4.06066, 6.31066]},
			"faces": {
				"north": {"uv": [6.5, 7, 7, 2.5], "texture": "#0"},
				"east": {"uv": [5.5, 7, 6.5, 2.5], "texture": "#0"},
				"south": {"uv": [7, 7, 7.5, 2.5], "texture": "#0"},
				"west": {"uv": [4.5, 7, 5.5, 2.5], "texture": "#0"}
			}
		},
		{
			"from": [8.4, 0.05599, 8.66461],
			"to": [9.6, 0.55599, 10.36461],
			"rotation": {"angle": -45, "axis": "x", "origin": [9, -0.19401, 9.51461]},
			"faces": {
				"north": {"uv": [8, 1.5, 9.5, 1], "texture": "#0"},
				"east": {"uv": [8, 1, 9.5, 0.5], "texture": "#0"},
				"south": {"uv": [8, 2, 9.5, 1.5], "texture": "#0"},
				"west": {"uv": [8, 0.5, 9.5, 0], "texture": "#0"},
				"up": {"uv": [9.5, 3, 8, 4], "rotation": 90, "texture": "#0"},
				"down": {"uv": [9.5, 2, 8, 3], "rotation": 270, "texture": "#0"}
			}
		},
		{
			"from": [8.25, 8, 3.35],
			"to": [8.75, 8.5, 11.65],
			"rotation": {"angle": 0, "axis": "y", "origin": [17.4, 16.25, 10.85]},
			"faces": {
				"north": {"uv": [7, 9.5, 7.5, 10], "texture": "#0"},
				"east": {"uv": [1, 9.5, 7, 10], "texture": "#0"},
				"south": {"uv": [0.5, 9.5, 1, 10], "texture": "#0"},
				"west": {"uv": [7, 9.5, 1, 10], "texture": "#0"},
				"up": {"uv": [1, 9.5, 7, 10], "rotation": 270, "texture": "#0"},
				"down": {"uv": [1, 9.5, 7, 10], "rotation": 90, "texture": "#0"}
			}
		},
		{
			"from": [6.83225, 8.25, 2],
			"to": [10.16775, 8.25, 13],
			"rotation": {"angle": 45, "axis": "z", "origin": [8.5, 8.25, 7.5]},
			"faces": {
				"up": {"uv": [0, 8.5, 8, 11], "rotation": 270, "texture": "#0"},
				"down": {"uv": [0, 8.5, 8, 11], "rotation": 90, "texture": "#0"}
			}
		},
		{
			"from": [6.83225, 8.25, 2],
			"to": [10.16775, 8.25, 13],
			"rotation": {"angle": -45, "axis": "z", "origin": [8.5, 8.25, 7.5]},
			"faces": {
				"up": {"uv": [0, 8.5, 8, 11], "rotation": 270, "texture": "#0"},
				"down": {"uv": [0, 8.5, 8, 11], "rotation": 90, "texture": "#0"}
			}
		}
	],
	"gui_light": "front",
	"display": {
		"thirdperson_righthand": {
			"translation": [-2, -2, 2.75],
			"scale": [1.1, 1.1, 1.1]
		},
		"thirdperson_lefthand": {
			"translation": [0, -2, 2.75],
			"scale": [1.1, 1.1, 1.1]
		},
		"firstperson_righthand": {
			"rotation": [18, 18, 0],
			"translation": [0, 5.25, 0]
		},
		"firstperson_lefthand": {
			"translation": [3.5, -3, 0]
		},
		"ground": {
			"rotation": [0, 0, 90]
		},
		"gui": {
			"rotation": [90, 45, -90],
			"translation": [-0.75, 0.75, 0],
			"scale": [0.9, 0.9, 0.9]
		},
		"fixed": {
			"rotation": [90, -45, -90],
			"translation": [0.75, 0.75, 1.25]
		}
	},
	"groups": [
		0,
		1,
		{
			"name": "center",
			"origin": [9, 2.25, 8],
			"color": 0,
			"children": [2, 3, 4]
		},
		{
			"name": "top",
			"origin": [9.72321, 4.13695, 7.5],
			"color": 0,
			"children": [5, 6, 7, 8, 9]
		},
		{
			"name": "bottom",
			"origin": [9.72321, 4.13695, 7.5],
			"color": 0,
			"children": [10, 11, 12, 13, 14]
		},
		{
			"name": "arrow",
			"origin": [8, 8, 8],
			"color": 0,
			"children": [15, 16, 17]
		}
	]
}