{
	"format_version": "1.21.6",
	"credit": "Made with Blockbench",
	"texture_size": [32, 32],
	"textures": {
		"0": "item/crossbow",
		"particle": "item/crossbow"
	},
	"elements": [
		{
			"from": [7, 3.5, 0],
			"to": [9, 4, 1.5],
			"rotation": {"angle": 0, "axis": "z", "origin": [4.5, 4.5, 1.8]},
			"faces": {
				"north": {"uv": [1.5, 7.5, 2, 9], "rotation": 270, "texture": "#0"},
				"south": {"uv": [2, 7.5, 2.5, 9], "rotation": 90, "texture": "#0"},
				"up": {"uv": [0, 7.5, 1.5, 9], "rotation": 90, "texture": "#0"}
			}
		},
		{
			"from": [6.5, 3.5, 9],
			"to": [9.5, 4, 10],
			"rotation": {"angle": 0, "axis": "z", "origin": [4.5, 4.5, 10.5]},
			"faces": {
				"north": {"uv": [0.5, 9.5, 1, 11.5], "rotation": 270, "texture": "#0"},
				"east": {"uv": [1.5, 9.5, 2, 10], "texture": "#0"},
				"south": {"uv": [1, 9.5, 1.5, 11.5], "rotation": 90, "texture": "#0"},
				"west": {"uv": [1.5, 11, 2, 11.5], "texture": "#0"},
				"up": {"uv": [0, 9.5, 0.5, 11.5], "rotation": 90, "texture": "#0"}
			}
		},
		{
			"from": [6.5, 2, 0],
			"to": [9.5, 3.5, 10],
			"rotation": {"angle": 0, "axis": "y", "origin": [7, 1, 0]},
			"faces": {
				"north": {"uv": [7, 0, 9, 1], "texture": "#0"},
				"east": {"uv": [11, 7, 12, 1], "rotation": 90, "texture": "#0"},
				"south": {"uv": [9, 0, 11, 1], "texture": "#0"},
				"west": {"uv": [12, 1, 13, 7], "rotation": 90, "texture": "#0"},
				"up": {"uv": [7, 1, 9, 7], "texture": "#0"},
				"down": {"uv": [9, 1, 11, 7], "texture": "#0"}
			}
		},
		{
			"from": [7.25, 0.5, 10],
			"to": [8.75, 2.5, 13],
			"rotation": {"angle": 0, "axis": "y", "origin": [8, 1.5, 13]},
			"faces": {
				"east": {"uv": [4, 8.5, 5.5, 10.5], "rotation": 90, "texture": "#0"},
				"south": {"uv": [3, 7, 4, 8.5], "texture": "#0"},
				"west": {"uv": [5.5, 8.5, 7, 10.5], "rotation": 90, "texture": "#0"},
				"up": {"uv": [3, 8.5, 3.5, 10.5], "texture": "#0"},
				"down": {"uv": [3.5, 8.5, 4, 10.5], "texture": "#0"}
			}
		},
		{
			"from": [7.25, 0.5, 6],
			"to": [8.75, 2, 10],
			"rotation": {"angle": 22.5, "axis": "x", "origin": [8, 0.5, 10]},
			"faces": {
				"east": {"uv": [4, 11, 5, 13.5], "rotation": 90, "texture": "#0"},
				"west": {"uv": [5, 11, 6, 13.5], "rotation": 90, "texture": "#0"},
				"down": {"uv": [3, 11, 4, 13.5], "texture": "#0"}
			}
		},
		{
			"from": [9, 2.9, -0.2],
			"to": [10, 4.1, 1.7],
			"rotation": {"angle": 0, "axis": "z", "origin": [11, 3.15, 2.8]},
			"faces": {
				"north": {"uv": [2, 0.5, 3, 1], "rotation": 270, "texture": "#0"},
				"east": {"uv": [2, 1.5, 1, 0.5], "texture": "#0"},
				"south": {"uv": [0, 0, 1, 0.5], "rotation": 90, "texture": "#0"},
				"west": {"uv": [1, 0.5, 0, 1.5], "rotation": 180, "texture": "#0"},
				"up": {"uv": [1, 0, 2, 0.5], "rotation": 90, "texture": "#0"},
				"down": {"uv": [2, 1, 3, 1.5], "rotation": 90, "texture": "#0"}
			}
		},
		{
			"from": [14.55571, 2.75, 3.75211],
			"to": [16.55571, 4.25, 5.75211],
			"rotation": {"angle": -22.5, "axis": "y", "origin": [15.55571, 3.5, 4.75211]},
			"faces": {
				"north": {"uv": [1.5, 5.5, 2, 7], "rotation": 270, "texture": "#0"},
				"east": {"uv": [0.5, 5.5, 1, 7], "rotation": 270, "texture": "#0"},
				"south": {"uv": [1, 5.5, 1.5, 7], "rotation": 270, "texture": "#0"},
				"west": {"uv": [0, 5.5, 0.5, 7], "rotation": 90, "texture": "#0"},
				"up": {"uv": [0, 4, 1.5, 5.5], "rotation": 180, "texture": "#0"},
				"down": {"uv": [1.5, 4, 3, 5.5], "texture": "#0"}
			}
		},
		{
			"from": [15.74263, 3, 4.24264],
			"to": [17.24263, 4, 5.74264],
			"rotation": {"angle": 0, "axis": "y", "origin": [15.74263, 3, 4.24261]},
			"faces": {
				"north": {"uv": [2, 2.5, 2.5, 3.5], "rotation": 270, "texture": "#0"},
				"east": {"uv": [1, 2.5, 0, 2], "texture": "#0"},
				"south": {"uv": [2.5, 2.5, 3, 3.5], "rotation": 90, "texture": "#0"},
				"up": {"uv": [0, 2.5, 1, 3.5], "rotation": 90, "texture": "#0"},
				"down": {"uv": [1, 2.5, 2, 3.5], "rotation": 90, "texture": "#0"}
			}
		},
		{
			"from": [9.5, 3, 0],
			"to": [11.5, 4, 1.5],
			"rotation": {"angle": 0, "axis": "y", "origin": [9.5, 3, 1.5]},
			"faces": {
				"north": {"uv": [5.5, 0, 6, 1.5], "rotation": 270, "texture": "#0"},
				"south": {"uv": [6, 0, 6.5, 1.5], "rotation": 90, "texture": "#0"},
				"up": {"uv": [3.5, 0, 4.5, 1.5], "rotation": 90, "texture": "#0"},
				"down": {"uv": [4.5, 0, 5.5, 1.5], "rotation": 90, "texture": "#0"}
			}
		},
		{
			"from": [11.5, 3, 0],
			"to": [17.5, 4, 1.5],
			"rotation": {"angle": -45, "axis": "y", "origin": [11.5, 3, 0]},
			"faces": {
				"north": {"uv": [5.5, 2.5, 6, 6.5], "rotation": 270, "texture": "#0"},
				"south": {"uv": [6, 2.5, 6.5, 6.5], "rotation": 90, "texture": "#0"},
				"up": {"uv": [3.5, 2.5, 4.5, 6.5], "rotation": 90, "texture": "#0"},
				"down": {"uv": [4.5, 2.5, 5.5, 6.5], "rotation": 90, "texture": "#0"}
			}
		},
		{
			"from": [6, 2.9, -0.2],
			"to": [7, 4.1, 1.7],
			"rotation": {"angle": 0, "axis": "z", "origin": [5, 3.15, 2.8]},
			"faces": {
				"north": {"uv": [2, 1, 3, 0.5], "rotation": 270, "texture": "#0"},
				"east": {"uv": [0, 0.5, 1, 1.5], "rotation": 180, "texture": "#0"},
				"south": {"uv": [0, 0.5, 1, 0], "rotation": 90, "texture": "#0"},
				"west": {"uv": [1, 1.5, 2, 0.5], "texture": "#0"},
				"up": {"uv": [1, 0.5, 2, 0], "rotation": 90, "texture": "#0"},
				"down": {"uv": [2, 1.5, 3, 1], "rotation": 90, "texture": "#0"}
			}
		},
		{
			"from": [-0.55571, 2.75, 3.75211],
			"to": [1.44429, 4.25, 5.75211],
			"rotation": {"angle": 22.5, "axis": "y", "origin": [0.44429, 3.5, 4.75211]},
			"faces": {
				"north": {"uv": [1.5, 7, 2, 5.5], "rotation": 270, "texture": "#0"},
				"east": {"uv": [0, 7, 0.5, 5.5], "rotation": 90, "texture": "#0"},
				"south": {"uv": [1, 7, 1.5, 5.5], "rotation": 270, "texture": "#0"},
				"west": {"uv": [0.5, 7, 1, 5.5], "rotation": 270, "texture": "#0"},
				"up": {"uv": [1.5, 4, 0, 5.5], "rotation": 180, "texture": "#0"},
				"down": {"uv": [3, 4, 1.5, 5.5], "texture": "#0"}
			}
		},
		{
			"from": [-1.24263, 3, 4.24264],
			"to": [0.25737, 4, 5.74264],
			"rotation": {"angle": 0, "axis": "y", "origin": [0.25737, 3, 4.24261]},
			"faces": {
				"north": {"uv": [2, 3.5, 2.5, 2.5], "rotation": 270, "texture": "#0"},
				"south": {"uv": [2.5, 3.5, 3, 2.5], "rotation": 90, "texture": "#0"},
				"west": {"uv": [0, 2.5, 1, 2], "texture": "#0"},
				"up": {"uv": [0, 3.5, 1, 2.5], "rotation": 90, "texture": "#0"},
				"down": {"uv": [1, 3.5, 2, 2.5], "rotation": 90, "texture": "#0"}
			}
		},
		{
			"from": [4.5, 3, 0],
			"to": [6.5, 4, 1.5],
			"rotation": {"angle": 0, "axis": "y", "origin": [6.5, 3, 1.5]},
			"faces": {
				"north": {"uv": [5.5, 1.5, 6, 0], "rotation": 270, "texture": "#0"},
				"south": {"uv": [6, 1.5, 6.5, 0], "rotation": 90, "texture": "#0"},
				"up": {"uv": [3.5, 1.5, 4.5, 0], "rotation": 90, "texture": "#0"},
				"down": {"uv": [4.5, 1.5, 5.5, 0], "rotation": 90, "texture": "#0"}
			}
		},
		{
			"from": [-1.5, 3, 0],
			"to": [4.5, 4, 1.5],
			"rotation": {"angle": 45, "axis": "y", "origin": [4.5, 3, 0]},
			"faces": {
				"north": {"uv": [5.5, 6.5, 6, 2.5], "rotation": 270, "texture": "#0"},
				"south": {"uv": [6, 6.5, 6.5, 2.5], "rotation": 90, "texture": "#0"},
				"up": {"uv": [3.5, 6.5, 4.5, 2.5], "rotation": 90, "texture": "#0"},
				"down": {"uv": [4.5, 6.5, 5.5, 2.5], "rotation": 90, "texture": "#0"}
			}
		},
		{
			"from": [8, 4, 7.2],
			"to": [16, 4, 7.7],
			"rotation": {"angle": 22.5, "axis": "y", "origin": [8, 3.6, 7.7]},
			"faces": {
				"up": {"uv": [15.5, 0, 16, 6.5], "rotation": 90, "texture": "#0"},
				"down": {"uv": [15.5, 0, 16, 6.5], "rotation": 90, "texture": "#0"}
			}
		},
		{
			"from": [0, 4, 7.2],
			"to": [8, 4, 7.7],
			"rotation": {"angle": -22.5, "axis": "y", "origin": [8, 3.6, 7.7]},
			"faces": {
				"up": {"uv": [15.5, 0, 16, 6.5], "rotation": 90, "texture": "#0"},
				"down": {"uv": [16, 0, 15.5, 6.5], "rotation": 90, "texture": "#0"}
			}
		}
	],
	"gui_light": "front",
	"display": {
		"thirdperson_righthand": {
			"translation": [0, 5.25, 3]
		},
		"thirdperson_lefthand": {
			"translation": [0, 5.25, 3]
		},
		"firstperson_righthand": {
			"rotation": [0, 12, 0],
			"translation": [0, 6.75, 3.25],
			"scale": [1.2, 1.2, 1.2]
		},
		"firstperson_lefthand": {
			"rotation": [0, 12, 0],
			"translation": [0, 6.75, 3.25],
			"scale": [1.2, 1.2, 1.2]
		},
		"ground": {
			"translation": [0, 4, 2.5]
		},
		"gui": {
			"rotation": [90, 45, 0],
			"translation": [2.25, -2, -6.5],
			"scale": [1.1, 1.1, 1.1]
		},
		"fixed": {
			"rotation": [90, -45, -180],
			"translation": [-3, -3, -6.5],
			"scale": [1.3, 1.3, 1.3]
		}
	},
	"groups": [
		{
			"name": "center",
			"origin": [9, 2.25, 8],
			"color": 0,
			"children": [0, 1, 2, 3, 4]
		},
		{
			"name": "right",
			"origin": [9.72321, 4.13695, 7.5],
			"color": 0,
			"children": [5, 6, 7, 8, 9]
		},
		{
			"name": "left",
			"origin": [9.72321, 4.13695, 7.5],
			"color": 0,
			"children": [10, 11, 12, 13, 14]
		},
		15,
		16
	]
}