{
	"format_version": "1.21.6",
	"credit": "Made with Blockbench",
	"texture_size": [32, 32],
	"textures": {
		"0": "item/crossbow",
		"particle": "item/crossbow"
	},
	"elements": [
		{
			"from": [7.25, 8.5, 1.35],
			"to": [8.75, 10, 6.35],
			"rotation": {"angle": 0, "axis": "y", "origin": [16.9, 17.25, 4.55]},
			"faces": {
				"north": {"uv": [6.5, 14.5, 7, 15], "texture": "#0"},
				"east": {"uv": [10.5, 14, 15.5, 15.5], "texture": "#0"},
				"south": {"uv": [0.5, 14.5, 1, 15], "texture": "#0"},
				"west": {"uv": [15.5, 14, 10.5, 15.5], "texture": "#0"},
				"up": {"uv": [10.5, 14, 15.5, 15.5], "rotation": 270, "texture": "#0"},
				"down": {"uv": [10.5, 14, 15.5, 15.5], "rotation": 90, "texture": "#0"}
			}
		},
		{
			"from": [7.15, 8.4, 0.75],
			"to": [8.85, 10.1, 1.35],
			"rotation": {"angle": 0, "axis": "y", "origin": [16.9, 17.25, 0.35]},
			"faces": {
				"north": {"uv": [8.5, 12, 10, 13.5], "texture": "#0"},
				"east": {"uv": [10, 12, 10.5, 13.5], "texture": "#0"},
				"south": {"uv": [8.5, 12, 10, 13.5], "texture": "#0"},
				"west": {"uv": [10.5, 12, 10, 13.5], "texture": "#0"},
				"up": {"uv": [10, 12, 10.5, 13.5], "rotation": 270, "texture": "#0"},
				"down": {"uv": [10, 12, 10.5, 13.5], "rotation": 90, "texture": "#0"}
			}
		},
		{
			"from": [7.35, 8.6, 0.15],
			"to": [8.65, 9.9, 0.75],
			"rotation": {"angle": 0, "axis": "y", "origin": [16.9, 17.25, -0.25]},
			"faces": {
				"north": {"uv": [8.5, 12, 10, 13.5], "texture": "#0"},
				"east": {"uv": [10, 12, 10.5, 13.5], "texture": "#0"},
				"south": {"uv": [8.5, 12, 10, 13.5], "texture": "#0"},
				"west": {"uv": [10.5, 12, 10, 13.5], "texture": "#0"},
				"up": {"uv": [10, 12, 10.5, 13.5], "rotation": 270, "texture": "#0"},
				"down": {"uv": [10, 12, 10.5, 13.5], "rotation": 90, "texture": "#0"}
			}
		},
		{
			"from": [7.55, 8.8, -0.45],
			"to": [8.45, 9.7, 0.15],
			"rotation": {"angle": 0, "axis": "y", "origin": [16.9, 17.25, -0.85]},
			"faces": {
				"north": {"uv": [8.5, 12, 10, 13.5], "texture": "#0"},
				"east": {"uv": [10, 12, 10.5, 13.5], "texture": "#0"},
				"south": {"uv": [8.5, 12, 10, 13.5], "texture": "#0"},
				"west": {"uv": [10.5, 12, 10, 13.5], "texture": "#0"},
				"up": {"uv": [10, 12, 10.5, 13.5], "rotation": 270, "texture": "#0"},
				"down": {"uv": [10, 12, 10.5, 13.5], "rotation": 90, "texture": "#0"}
			}
		},
		{
			"from": [7.75, 9, -0.95],
			"to": [8.25, 9.5, -0.45],
			"rotation": {"angle": 0, "axis": "y", "origin": [16.9, 17.25, -1.45]},
			"faces": {
				"north": {"uv": [9, 12.5, 9.5, 13], "texture": "#0"},
				"east": {"uv": [10, 12, 10.5, 13.5], "texture": "#0"},
				"south": {"uv": [9, 12.5, 9.5, 13], "texture": "#0"},
				"west": {"uv": [10.5, 12, 10, 13.5], "texture": "#0"},
				"up": {"uv": [10, 12, 10.5, 13.5], "rotation": 270, "texture": "#0"},
				"down": {"uv": [10, 12, 10.5, 13.5], "rotation": 90, "texture": "#0"}
			}
		},
		{
			"from": [7.75, 9, 6.35],
			"to": [8.25, 9.5, 8.85],
			"rotation": {"angle": 0, "axis": "y", "origin": [16.9, 17.25, 6.55]},
			"faces": {
				"north": {"uv": [7, 14.5, 7.5, 15], "texture": "#0"},
				"east": {"uv": [8.5, 14.5, 10.5, 15], "texture": "#0"},
				"south": {"uv": [0.5, 14.5, 1, 15], "texture": "#0"},
				"west": {"uv": [10.5, 14.5, 8.5, 15], "texture": "#0"},
				"up": {"uv": [8.5, 14.5, 10.5, 15], "rotation": 270, "texture": "#0"},
				"down": {"uv": [8.5, 14.5, 10.5, 15], "rotation": 90, "texture": "#0"}
			}
		},
		{
			"from": [7, 8.5, 0.3],
			"to": [9, 9, 1.8],
			"rotation": {"angle": 0, "axis": "y", "origin": [8, 7.625, 6.425]},
			"faces": {
				"north": {"uv": [1.5, 7.5, 2, 9], "rotation": 270, "texture": "#0"},
				"south": {"uv": [2, 7.5, 2.5, 9], "rotation": 90, "texture": "#0"},
				"up": {"uv": [0, 7.5, 1.5, 9], "rotation": 90, "texture": "#0"}
			}
		},
		{
			"from": [6.5, 8.5, 9.3],
			"to": [9.5, 9, 10.3],
			"rotation": {"angle": 0, "axis": "y", "origin": [8, 7.625, 6.425]},
			"faces": {
				"north": {"uv": [0.5, 9.5, 1, 11.5], "rotation": 270, "texture": "#0"},
				"east": {"uv": [1.5, 9.5, 2, 10], "texture": "#0"},
				"south": {"uv": [1, 9.5, 1.5, 11.5], "rotation": 90, "texture": "#0"},
				"west": {"uv": [1.5, 11, 2, 11.5], "texture": "#0"},
				"up": {"uv": [0, 9.5, 0.5, 11.5], "rotation": 90, "texture": "#0"}
			}
		},
		{
			"from": [6.5, 7, 0.3],
			"to": [9.5, 8.5, 10.3],
			"rotation": {"angle": 0, "axis": "y", "origin": [8, 7.625, 6.425]},
			"faces": {
				"north": {"uv": [7, 0, 9, 1], "texture": "#0"},
				"east": {"uv": [11, 7, 12, 1], "rotation": 90, "texture": "#0"},
				"south": {"uv": [9, 0, 11, 1], "texture": "#0"},
				"west": {"uv": [12, 1, 13, 7], "rotation": 90, "texture": "#0"},
				"up": {"uv": [7, 1, 9, 7], "texture": "#0"},
				"down": {"uv": [9, 1, 11, 7], "texture": "#0"}
			}
		},
		{
			"from": [7.25, 5.5, 10.3],
			"to": [8.75, 7.5, 13.3],
			"rotation": {"angle": 0, "axis": "y", "origin": [8, 7.625, 6.425]},
			"faces": {
				"east": {"uv": [4, 8.5, 5.5, 10.5], "rotation": 90, "texture": "#0"},
				"south": {"uv": [3, 7, 4, 8.5], "texture": "#0"},
				"west": {"uv": [5.5, 8.5, 7, 10.5], "rotation": 90, "texture": "#0"},
				"up": {"uv": [3, 8.5, 3.5, 10.5], "texture": "#0"},
				"down": {"uv": [3.5, 8.5, 4, 10.5], "texture": "#0"}
			}
		},
		{
			"from": [7.25, 7.14465, 6.81824],
			"to": [8.75, 8.64465, 10.81824],
			"rotation": {"angle": 22.5, "axis": "x", "origin": [8, 7.625, 6.425]},
			"faces": {
				"east": {"uv": [4, 11, 5, 13.5], "rotation": 90, "texture": "#0"},
				"west": {"uv": [5, 11, 6, 13.5], "rotation": 90, "texture": "#0"},
				"down": {"uv": [3, 11, 4, 13.5], "texture": "#0"}
			}
		},
		{
			"from": [9, 7.9, 0.1],
			"to": [10, 9.1, 2],
			"rotation": {"angle": 0, "axis": "y", "origin": [11, 8.15, 3.1]},
			"faces": {
				"north": {"uv": [2, 0.5, 3, 1], "rotation": 270, "texture": "#0"},
				"east": {"uv": [2, 1.5, 1, 0.5], "texture": "#0"},
				"south": {"uv": [0, 0, 1, 0.5], "rotation": 90, "texture": "#0"},
				"west": {"uv": [1, 0.5, 0, 1.5], "rotation": 180, "texture": "#0"},
				"up": {"uv": [1, 0, 2, 0.5], "rotation": 90, "texture": "#0"},
				"down": {"uv": [2, 1, 3, 1.5], "rotation": 90, "texture": "#0"}
			}
		},
		{
			"from": [12.65571, 7.75, 5.95211],
			"to": [14.65571, 9.25, 7.95211],
			"rotation": {"angle": 45, "axis": "y", "origin": [13.65571, 8.5, 6.95211]},
			"faces": {
				"north": {"uv": [1.5, 5.5, 2, 7], "rotation": 270, "texture": "#0"},
				"east": {"uv": [0.5, 5.5, 1, 7], "rotation": 270, "texture": "#0"},
				"south": {"uv": [1, 5.5, 1.5, 7], "rotation": 270, "texture": "#0"},
				"west": {"uv": [0, 5.5, 0.5, 7], "rotation": 90, "texture": "#0"},
				"up": {"uv": [0, 4, 1.5, 5.5], "rotation": 180, "texture": "#0"},
				"down": {"uv": [1.5, 4, 3, 5.5], "texture": "#0"}
			}
		},
		{
			"from": [14.14387, 8, 6.60864],
			"to": [15.64387, 9, 8.10864],
			"rotation": {"angle": -22.5, "axis": "y", "origin": [14.14387, 8, 6.60868]},
			"faces": {
				"north": {"uv": [2, 2.5, 2.5, 3.5], "rotation": 270, "texture": "#0"},
				"east": {"uv": [1, 2.5, 0, 2], "texture": "#0"},
				"south": {"uv": [2.5, 2.5, 3, 3.5], "rotation": 90, "texture": "#0"},
				"up": {"uv": [0, 2.5, 1, 3.5], "rotation": 90, "texture": "#0"},
				"down": {"uv": [1, 2.5, 2, 3.5], "rotation": 90, "texture": "#0"}
			}
		},
		{
			"from": [10, 8, 0.3],
			"to": [12, 9, 1.8],
			"rotation": {"angle": -22.5, "axis": "y", "origin": [10, 8, 0.3]},
			"faces": {
				"north": {"uv": [5.5, 0, 6, 1.5], "rotation": 270, "texture": "#0"},
				"south": {"uv": [6, 0, 6.5, 1.5], "rotation": 90, "texture": "#0"},
				"up": {"uv": [3.5, 0, 4.5, 1.5], "rotation": 90, "texture": "#0"},
				"down": {"uv": [4.5, 0, 5.5, 1.5], "rotation": 90, "texture": "#0"}
			}
		},
		{
			"from": [10.34776, 8, 1.06537],
			"to": [11.84776, 9, 7.06537],
			"rotation": {"angle": 22.5, "axis": "y", "origin": [11.84776, 8, 1.06537]},
			"faces": {
				"east": {"uv": [5.5, 2.5, 6, 6.5], "rotation": 270, "texture": "#0"},
				"west": {"uv": [6, 2.5, 6.5, 6.5], "rotation": 90, "texture": "#0"},
				"up": {"uv": [3.5, 2.5, 4.5, 6.5], "rotation": 180, "texture": "#0"},
				"down": {"uv": [4.5, 2.5, 5.5, 6.5], "texture": "#0"}
			}
		},
		{
			"from": [6, 7.9, 0.1],
			"to": [7, 9.1, 2],
			"rotation": {"angle": 0, "axis": "y", "origin": [5, 8.15, 3.1]},
			"faces": {
				"north": {"uv": [2, 1, 3, 0.5], "rotation": 270, "texture": "#0"},
				"east": {"uv": [0, 0.5, 1, 1.5], "rotation": 180, "texture": "#0"},
				"south": {"uv": [0, 0.5, 1, 0], "rotation": 90, "texture": "#0"},
				"west": {"uv": [1, 1.5, 2, 0.5], "texture": "#0"},
				"up": {"uv": [1, 0.5, 2, 0], "rotation": 90, "texture": "#0"},
				"down": {"uv": [2, 1.5, 3, 1], "rotation": 90, "texture": "#0"}
			}
		},
		{
			"from": [1.34429, 7.75, 5.95211],
			"to": [3.34429, 9.25, 7.95211],
			"rotation": {"angle": -45, "axis": "y", "origin": [2.34429, 8.5, 6.95211]},
			"faces": {
				"north": {"uv": [1.5, 7, 2, 5.5], "rotation": 270, "texture": "#0"},
				"east": {"uv": [0, 7, 0.5, 5.5], "rotation": 90, "texture": "#0"},
				"south": {"uv": [1, 7, 1.5, 5.5], "rotation": 270, "texture": "#0"},
				"west": {"uv": [0.5, 7, 1, 5.5], "rotation": 270, "texture": "#0"},
				"up": {"uv": [1.5, 4, 0, 5.5], "rotation": 180, "texture": "#0"},
				"down": {"uv": [3, 4, 1.5, 5.5], "texture": "#0"}
			}
		},
		{
			"from": [0.35613, 8, 6.60864],
			"to": [1.85613, 9, 8.10864],
			"rotation": {"angle": 22.5, "axis": "y", "origin": [1.85613, 8, 6.60868]},
			"faces": {
				"north": {"uv": [2, 3.5, 2.5, 2.5], "rotation": 270, "texture": "#0"},
				"south": {"uv": [2.5, 3.5, 3, 2.5], "rotation": 90, "texture": "#0"},
				"west": {"uv": [0, 2.5, 1, 2], "texture": "#0"},
				"up": {"uv": [0, 3.5, 1, 2.5], "rotation": 90, "texture": "#0"},
				"down": {"uv": [1, 3.5, 2, 2.5], "rotation": 90, "texture": "#0"}
			}
		},
		{
			"from": [4, 8, 0.3],
			"to": [6, 9, 1.8],
			"rotation": {"angle": 22.5, "axis": "y", "origin": [6, 8, 0.3]},
			"faces": {
				"north": {"uv": [5.5, 1.5, 6, 0], "rotation": 270, "texture": "#0"},
				"south": {"uv": [6, 1.5, 6.5, 0], "rotation": 90, "texture": "#0"},
				"up": {"uv": [3.5, 1.5, 4.5, 0], "rotation": 90, "texture": "#0"},
				"down": {"uv": [4.5, 1.5, 5.5, 0], "rotation": 90, "texture": "#0"}
			}
		},
		{
			"from": [4.15224, 8, 1.06537],
			"to": [5.65224, 9, 7.06537],
			"rotation": {"angle": -22.5, "axis": "y", "origin": [4.15224, 8, 1.06537]},
			"faces": {
				"east": {"uv": [6, 6.5, 6.5, 2.5], "rotation": 90, "texture": "#0"},
				"west": {"uv": [5.5, 6.5, 6, 2.5], "rotation": 270, "texture": "#0"},
				"up": {"uv": [4.5, 2.5, 3.5, 6.5], "rotation": 180, "texture": "#0"},
				"down": {"uv": [5.5, 2.5, 4.5, 6.5], "texture": "#0"}
			}
		},
		{
			"from": [2, 9, 9],
			"to": [8, 9, 9.5],
			"rotation": {"angle": -22.5, "axis": "y", "origin": [8, 9, 9.5]},
			"faces": {
				"up": {"uv": [15.5, 0, 16, 6.5], "rotation": 90, "texture": "#0"},
				"down": {"uv": [16, 0, 15.5, 6.5], "rotation": 90, "texture": "#0"}
			}
		},
		{
			"from": [8, 9, 9],
			"to": [14, 9, 9.5],
			"rotation": {"angle": 22.5, "axis": "y", "origin": [8, 9, 9.5]},
			"faces": {
				"up": {"uv": [15.5, 0, 16, 6.5], "rotation": 90, "texture": "#0"},
				"down": {"uv": [15.5, 0, 16, 6.5], "rotation": 90, "texture": "#0"}
			}
		}
	],
	"gui_light": "front",
	"display": {
		"thirdperson_righthand": {
			"translation": [0, 0.25, 3]
		},
		"thirdperson_lefthand": {
			"translation": [0, 0.25, 3]
		},
		"firstperson_righthand": {
			"rotation": [6, 0, 0],
			"translation": [6, 1, 4],
			"scale": [1.2, 1.2, 1.2]
		},
		"firstperson_lefthand": {
			"rotation": [5, 9, 0],
			"translation": [-2.5, 3, 6],
			"scale": [1.2, 1.2, 1.2]
		},
		"ground": {
			"translation": [0, 4, 2.5]
		},
		"gui": {
			"rotation": [90, 45, 0],
			"translation": [2, -1.75, -6.5],
			"scale": [1.1, 1.1, 1.1]
		},
		"fixed": {
			"rotation": [90, -45, -180],
			"translation": [-1.75, -1.75, 0],
			"scale": [1.3, 1.3, 1.3]
		}
	},
	"groups": [
		{
			"name": "firework",
			"origin": [8, 8, 8],
			"color": 0,
			"children": [0, 1, 2, 3, 4, 5]
		},
		{
			"name": "center",
			"origin": [9, 2.25, 8],
			"color": 0,
			"children": [6, 7, 8, 9, 10]
		},
		{
			"name": "right",
			"origin": [9.72321, 4.13695, 7.5],
			"color": 0,
			"children": [11, 12, 13, 14, 15]
		},
		{
			"name": "left",
			"origin": [9.72321, 4.13695, 7.5],
			"color": 0,
			"children": [16, 17, 18, 19, 20]
		},
		21,
		22
	]
}