{
	"format_version": "1.21.6",
	"credit": "Made with Blockbench",
	"texture_size": [32, 32],
	"textures": {
		"0": "item/fishing_rod",
		"particle": "item/fishing_rod"
	},
	"elements": [
		{
			"from": [7.25, -1, 7.5],
			"to": [8.75, 4.5, 8.5],
			"rotation": {"angle": 0, "axis": "y", "origin": [7, -2, 7]},
			"faces": {
				"north": {"uv": [2, 0, 1, 3.5], "texture": "#0"},
				"east": {"uv": [3, 0, 2, 3.5], "texture": "#0"},
				"south": {"uv": [4, 0, 3, 3.5], "texture": "#0"},
				"west": {"uv": [1, 0, 0, 3.5], "texture": "#0"}
			}
		},
		{
			"from": [7, -1.5, 7.25],
			"to": [9, -0.5, 8.75],
			"rotation": {"angle": 0, "axis": "z", "origin": [8, -1.25, 8]},
			"faces": {
				"north": {"uv": [1, 4, 2, 4.5], "texture": "#0"},
				"east": {"uv": [0, 4, 1, 4.5], "texture": "#0"},
				"south": {"uv": [2, 4.5, 3, 5], "texture": "#0"},
				"west": {"uv": [2, 5, 3, 5.5], "texture": "#0"},
				"up": {"uv": [1, 5.5, 0, 4.5], "texture": "#0"},
				"down": {"uv": [2, 4.5, 1, 5.5], "texture": "#0"}
			}
		},
		{
			"from": [7, 4.41421, 7.25],
			"to": [9, 5.41421, 8.75],
			"rotation": {"angle": 0, "axis": "y", "origin": [7.73579, 5.26421, 7.8]},
			"faces": {
				"north": {"uv": [1.5, 7, 3, 7.5], "texture": "#0"},
				"east": {"uv": [1.5, 6, 2.5, 6.5], "texture": "#0"},
				"south": {"uv": [1.5, 7.5, 3, 8], "texture": "#0"},
				"west": {"uv": [1.5, 6.5, 2.5, 7], "texture": "#0"},
				"up": {"uv": [1.5, 7, 0, 6], "texture": "#0"},
				"down": {"uv": [1.5, 7, 0, 8], "texture": "#0"}
			}
		},
		{
			"from": [7, 3.5, 7.65],
			"to": [9, 5.5, 8.35],
			"rotation": {"angle": -45, "axis": "z", "origin": [9, 3.5, 7]},
			"faces": {
				"north": {"uv": [0.5, 9, 2, 10.5], "texture": "#0"},
				"east": {"uv": [0, 9, 0.5, 10.5], "texture": "#0"},
				"south": {"uv": [2.5, 9, 4, 10.5], "texture": "#0"},
				"west": {"uv": [2, 9, 2.5, 10.5], "texture": "#0"},
				"up": {"uv": [2, 9, 0.5, 8.5], "texture": "#0"},
				"down": {"uv": [3.5, 8.5, 2, 9], "texture": "#0"}
			}
		},
		{
			"from": [7.5, 4.5, 7.5],
			"to": [8.5, 11.5, 8.5],
			"rotation": {"angle": 0, "axis": "y", "origin": [7.45, 4.5, 8]},
			"faces": {
				"north": {"uv": [5, 0, 5.5, 3.5], "texture": "#0"},
				"east": {"uv": [4.5, 0, 5, 3.5], "texture": "#0"},
				"south": {"uv": [6, 0, 6.5, 3.5], "texture": "#0"},
				"west": {"uv": [5.5, 0, 6, 3.5], "texture": "#0"}
			}
		},
		{
			"from": [7.5, 11.5, 7.5],
			"to": [8.5, 16.5, 8.5],
			"rotation": {"angle": 0, "axis": "z", "origin": [7.45, 11.5, 8]},
			"faces": {
				"north": {"uv": [5, 4, 5.5, 6.5], "texture": "#0"},
				"east": {"uv": [4.5, 4, 5, 6.5], "texture": "#0"},
				"south": {"uv": [6, 4, 6.5, 6.5], "texture": "#0"},
				"west": {"uv": [5.5, 4, 6, 6.5], "texture": "#0"},
				"up": {"uv": [4.5, 4.5, 4, 4], "texture": "#0"}
			}
		},
		{
			"from": [8.5, 5, 8],
			"to": [9, 16, 8],
			"rotation": {"angle": 0, "axis": "y", "origin": [8.5, 5, 6]},
			"faces": {
				"north": {"uv": [7, 0, 7.5, 6.5], "texture": "#0"},
				"south": {"uv": [7, 0, 7.5, 6.5], "texture": "#0"}
			}
		}
	],
	"gui_light": "front",
	"display": {
		"thirdperson_righthand": {
			"rotation": [0, 90, 0],
			"translation": [0, 6, 1.25],
			"scale": [1.2, 1.2, 1.2]
		},
		"thirdperson_lefthand": {
			"rotation": [0, -90, 0],
			"translation": [0, 6, 1.25],
			"scale": [1.2, 1.2, 1.2]
		},
		"firstperson_righthand": {
			"rotation": [-22.5, 90, 0],
			"translation": [5, -1, -5],
			"scale": [1.2, 1.2, 1.2]
		},
		"firstperson_lefthand": {
			"rotation": [-22.5, -90, 0],
			"translation": [5, -1, -5],
			"scale": [1.2, 1.2, 1.2]
		},
		"ground": {
			"rotation": [0, 0, -45],
			"translation": [0, 4, 0]
		},
		"gui": {
			"rotation": [0, 0, -45],
			"translation": [0, 1.5, 0]
		},
		"fixed": {
			"rotation": [0, -180, -45],
			"translation": [0, 1.5, 0],
			"scale": [1.2, 1.2, 1.2]
		}
	}
}