{
	"format_version": "1.21.6",
	"credit": "Made with Blockbench",
	"parent": "golden_sword",
	"texture_size": [32, 32],
	"textures": {
		"0": "item/golden/golden_sword",
		"particle": "item/golden/golden_sword"
	},
	"elements": [
		{
			"from": [7.25, -1, 7.5],
			"to": [8.75, 4, 8.5],
			"rotation": {"angle": 0, "axis": "y", "origin": [7, -2, 7]},
			"faces": {
				"north": {"uv": [0.5, 5, 1.5, 8.5], "texture": "#0"},
				"east": {"uv": [0, 5, 0.5, 8.5], "texture": "#0"},
				"south": {"uv": [2, 5, 3, 8.5], "texture": "#0"},
				"west": {"uv": [1.5, 5, 2, 8.5], "texture": "#0"},
				"up": {"uv": [1, 9, 0, 8.5], "texture": "#0"}
			}
		},
		{
			"from": [8, -3, 7.25],
			"to": [10, -1, 8.75],
			"rotation": {"angle": 45, "axis": "z", "origin": [8, -3, 7]},
			"faces": {
				"north": {"uv": [1, 10, 2.5, 11.5], "texture": "#0"},
				"east": {"uv": [0, 10, 1, 11.5], "texture": "#0"},
				"south": {"uv": [3.5, 10, 5, 11.5], "texture": "#0"},
				"west": {"uv": [2.5, 10, 3.5, 11.5], "texture": "#0"},
				"up": {"uv": [2.5, 10, 1, 9], "texture": "#0"},
				"down": {"uv": [4, 9, 2.5, 10], "texture": "#0"}
			}
		},
		{
			"from": [8.35355, 2.97487, 7],
			"to": [10.35355, 4.97487, 9],
			"rotation": {"angle": 45, "axis": "z", "origin": [8.35355, 2.47487, 7]},
			"faces": {
				"north": {"uv": [1, 10, 2.5, 11.5], "texture": "#0"},
				"east": {"uv": [0, 10, 1, 11.5], "texture": "#0"},
				"south": {"uv": [3.5, 10, 5, 11.5], "texture": "#0"},
				"west": {"uv": [2.5, 10, 3.5, 11.5], "texture": "#0"},
				"up": {"uv": [2.5, 10, 1, 9], "texture": "#0"},
				"down": {"uv": [4, 9, 2.5, 10], "texture": "#0"}
			}
		},
		{
			"from": [8, 3, 7.499],
			"to": [11, 4.5, 8.501],
			"rotation": {"angle": 22.5, "axis": "z", "origin": [8, 3, 7]},
			"faces": {
				"north": {"uv": [9, 7.5, 11, 8.5], "texture": "#0"},
				"east": {"uv": [8.5, 7.5, 9, 8.5], "texture": "#0"},
				"south": {"uv": [11.5, 7.5, 13.5, 8.5], "texture": "#0"},
				"west": {"uv": [11, 7.5, 11.5, 8.5], "texture": "#0"},
				"up": {"uv": [11, 7.5, 9, 7], "texture": "#0"},
				"down": {"uv": [13, 7, 11, 7.5], "texture": "#0"}
			}
		},
		{
			"from": [5.40119, 3.51693, 7.499],
			"to": [8.40119, 5.01693, 8.501],
			"rotation": {"angle": -22.5, "axis": "z", "origin": [6.90119, 4.26693, 8]},
			"faces": {
				"north": {"uv": [11, 5, 9, 6], "texture": "#0"},
				"east": {"uv": [11.5, 5, 11, 6], "texture": "#0"},
				"south": {"uv": [13.5, 5, 11.5, 6], "texture": "#0"},
				"west": {"uv": [9, 5, 8.5, 6], "texture": "#0"},
				"up": {"uv": [9, 5, 11, 4.5], "texture": "#0"},
				"down": {"uv": [11, 4.5, 13, 5], "texture": "#0"}
			}
		},
		{
			"from": [7.85354, 12.85357, 7.75],
			"to": [9.97484, 14.97487, 8.25],
			"rotation": {"angle": 45, "axis": "z", "origin": [8.35354, 12.85357, 8]},
			"faces": {
				"north": {"uv": [5, 1, 6.5, 2.5], "texture": "#0"},
				"east": {"uv": [4.5, 1, 5, 2.5], "texture": "#0"},
				"south": {"uv": [7, 1, 8.5, 2.5], "texture": "#0"},
				"west": {"uv": [6.5, 1, 7, 2.5], "texture": "#0"},
				"up": {"uv": [6.5, 0.5, 5, 1], "texture": "#0"},
				"down": {"uv": [8, 0.5, 6.5, 1], "texture": "#0"}
			}
		},
		{
			"from": [6.5, 4, 7.75],
			"to": [9.5, 14, 8.25],
			"rotation": {"angle": 0, "axis": "y", "origin": [7, 4, 8]},
			"faces": {
				"north": {"uv": [4.5, 3.5, 6, 8.5], "texture": "#0"},
				"east": {"uv": [4, 3.5, 4.5, 8.5], "texture": "#0"},
				"south": {"uv": [6.5, 3.5, 8, 8.5], "texture": "#0"},
				"west": {"uv": [6, 3.5, 6.5, 8.5], "texture": "#0"},
				"up": {"uv": [6, 3.5, 4.5, 3], "texture": "#0"},
				"down": {"uv": [7.5, 3.5, 6, 3], "texture": "#0"}
			}
		}
	],
	"gui_light": "front",
	"display": {
		"thirdperson_righthand": {
			"rotation": [0, 90, 0],
			"translation": [0, 6, 1.25],
			"scale": [1.2, 1.2, 1.2]
		},
		"thirdperson_lefthand": {
			"rotation": [0, 90, 0],
			"translation": [0, 6.25, 1.25],
			"scale": [1.2, 1.2, 1.2]
		},
		"firstperson_righthand": {
			"rotation": [0, 90, 22],
			"translation": [0, 4.5, 1.25]
		},
		"firstperson_lefthand": {
			"rotation": [0, 90, 22],
			"translation": [0, 4.5, 1.25]
		},
		"ground": {
			"rotation": [0, 0, 45],
			"translation": [-2.25, 4, 0]
		},
		"gui": {
			"rotation": [0, 0, -45],
			"translation": [1.5, 1.5, 0],
			"scale": [1.1, 1.1, 1.1]
		},
		"fixed": {
			"rotation": [0, 0, 45],
			"translation": [-1.5, 1.5, 0],
			"scale": [1.3, 1.3, 1.3]
		}
	}
}