{
	"format_version": "1.21.6",
	"credit": "Made with Blockbench",
	"parent": "iron_pickaxe",
	"texture_size": [32, 32],
	"textures": {
		"0": "item/iron/iron_pickaxe",
		"particle": "item/iron/iron_pickaxe"
	},
	"elements": [
		{
			"from": [7.25, -1, 7.5],
			"to": [8.75, 11, 8.5],
			"rotation": {"angle": 0, "axis": "y", "origin": [7, -2, 7]},
			"faces": {
				"north": {"uv": [0.5, 0.5, 1.5, 8.5], "texture": "#0"},
				"east": {"uv": [0, 0.5, 0.5, 8.5], "texture": "#0"},
				"south": {"uv": [2, 0.5, 3, 8.5], "texture": "#0"},
				"west": {"uv": [1.5, 0.5, 2, 8.5], "texture": "#0"},
				"up": {"uv": [1.5, 0.5, 0.5, 0], "texture": "#0"}
			}
		},
		{
			"from": [2.97111, 7.30197, 7.499],
			"to": [6.97111, 8.80197, 8.501],
			"rotation": {"angle": 45, "axis": "z", "origin": [4.61263, 8.05197, 8]},
			"faces": {
				"north": {"uv": [4, 4, 7, 5], "texture": "#0"},
				"east": {"uv": [3.5, 4, 4, 5], "texture": "#0"},
				"south": {"uv": [7.5, 4, 10.5, 5], "texture": "#0"},
				"west": {"uv": [7, 4, 7.5, 5], "texture": "#0"},
				"up": {"uv": [7, 4, 4, 3], "texture": "#0"},
				"down": {"uv": [10, 3, 7, 4], "texture": "#0"}
			}
		},
		{
			"from": [5.75, 8.75, 7.5],
			"to": [10.25, 10.25, 8.5],
			"rotation": {"angle": 0, "axis": "y", "origin": [8.25, 10.05059, 8]},
			"faces": {
				"north": {"uv": [6.5, 10.5, 9.5, 11.5], "texture": "#0"},
				"east": {"uv": [5.5, 10.5, 6.5, 11.5], "texture": "#0", "cullface": "east"},
				"south": {"uv": [10.5, 10.5, 13.5, 11.5], "texture": "#0"},
				"west": {"uv": [9.5, 10.5, 10.5, 11.5], "texture": "#0", "cullface": "west"},
				"up": {"uv": [9.5, 10.5, 6.5, 10], "texture": "#0"},
				"down": {"uv": [12.5, 10, 9.5, 10.5], "texture": "#0"}
			}
		},
		{
			"from": [9.02889, 7.30197, 7.499],
			"to": [13.02889, 8.80197, 8.501],
			"rotation": {"angle": -45, "axis": "z", "origin": [11.38737, 8.05197, 8]},
			"faces": {
				"north": {"uv": [4, 6.5, 7, 7.5], "texture": "#0"},
				"east": {"uv": [3.5, 6.5, 4, 7.5], "texture": "#0"},
				"south": {"uv": [7.5, 6.5, 10.5, 7.5], "texture": "#0"},
				"west": {"uv": [7, 6.5, 7.5, 7.5], "texture": "#0"},
				"up": {"uv": [7, 6.5, 4, 5.5], "texture": "#0"},
				"down": {"uv": [10, 5.5, 7, 6.5], "texture": "#0"}
			}
		},
		{
			"from": [8, -3, 7.25],
			"to": [10, -1, 8.75],
			"rotation": {"angle": 45, "axis": "z", "origin": [8, -3, 7]},
			"faces": {
				"north": {"uv": [1, 10, 2.5, 11.5], "texture": "#0"},
				"east": {"uv": [0, 10, 1, 11.5], "texture": "#0"},
				"south": {"uv": [3.5, 10, 5, 11.5], "texture": "#0"},
				"west": {"uv": [2.5, 10, 3.5, 11.5], "texture": "#0"},
				"up": {"uv": [2.5, 10, 1, 9], "texture": "#0"},
				"down": {"uv": [4, 9, 2.5, 10], "texture": "#0"}
			}
		},
		{
			"from": [7, 8.5, 7.25],
			"to": [9, 10.5, 8.75],
			"rotation": {"angle": 0, "axis": "y", "origin": [8, 9.75, 8]},
			"faces": {
				"north": {"uv": [4.5, 1, 6, 2.5], "texture": "#0"},
				"east": {"uv": [3.5, 1, 4.5, 2.5], "texture": "#0"},
				"south": {"uv": [7, 1, 8.5, 2.5], "texture": "#0"},
				"west": {"uv": [6, 1, 7, 2.5], "texture": "#0"},
				"up": {"uv": [6, 1, 4.5, 0], "texture": "#0"},
				"down": {"uv": [7.5, 0, 6, 1], "texture": "#0"}
			}
		}
	],
	"gui_light": "front",
	"display": {
		"thirdperson_righthand": {
			"rotation": [0, 90, 0],
			"translation": [0, 6, 1.25],
			"scale": [1.2, 1.2, 1.2]
		},
		"thirdperson_lefthand": {
			"rotation": [0, 90, 0],
			"translation": [0, 6, 1.25],
			"scale": [1.2, 1.2, 1.2]
		},
		"firstperson_righthand": {
			"rotation": [0, 90, 22],
			"translation": [0, 4.5, 1.25]
		},
		"firstperson_lefthand": {
			"rotation": [0, 90, 22],
			"translation": [0, 4.5, 1.25]
		},
		"ground": {
			"rotation": [0, 0, 45],
			"translation": [-2.25, 4, 0]
		},
		"gui": {
			"rotation": [0, 0, -45],
			"translation": [3, 3, 0],
			"scale": [1.2, 1.2, 1.2]
		},
		"fixed": {
			"rotation": [0, 0, 45],
			"translation": [-3, 3, 0],
			"scale": [1.3, 1.3, 1.3]
		}
	}
}