{
	"format_version": "1.21.6",
	"credit": "Made with Blockbench",
	"textures": {
		"particle": "item/mace_3d",
		"all": "item/mace_3d"
	},
	"elements": [
		{
			"name": "heavy_core",
			"from": [6, 8, 6],
			"to": [10, 12, 10],
			"rotation": {"angle": 0, "axis": "y", "origin": [2, 8, 2]},
			"faces": {
				"north": {"uv": [0, 8, 8, 16], "texture": "#all"},
				"east": {"uv": [0, 8, 8, 16], "texture": "#all"},
				"south": {"uv": [0, 8, 8, 16], "texture": "#all"},
				"west": {"uv": [0, 8, 8, 16], "texture": "#all"},
				"up": {"uv": [8, 8, 0, 0], "texture": "#all"},
				"down": {"uv": [8, 0, 0, 8], "texture": "#all"}
			}
		},
		{
			"name": "heavy_core",
			"from": [11, 8, 6],
			"to": [12, 12, 10],
			"rotation": {"angle": 0, "axis": "y", "origin": [7, 8, 2]},
			"faces": {
				"north": {"uv": [6, 8, 8, 16], "texture": "#all"},
				"east": {"uv": [0, 0, 8, 8], "texture": "#all"},
				"south": {"uv": [6, 8, 8, 16], "texture": "#all"},
				"west": {"uv": [0, 0, 8, 8], "texture": "#all"},
				"up": {"uv": [8, 16, 6, 8], "texture": "#all"},
				"down": {"uv": [8, 8, 6, 16], "texture": "#all"}
			}
		},
		{
			"name": "heavy_core",
			"from": [10, 8.5, 6.5],
			"to": [11, 11.5, 9.5],
			"rotation": {"angle": 0, "axis": "y", "origin": [6, 8, 3]},
			"faces": {
				"north": {"uv": [6, 9, 8, 15], "texture": "#all"},
				"south": {"uv": [6, 9, 8, 15], "texture": "#all"},
				"up": {"uv": [8, 15, 6, 9], "texture": "#all"},
				"down": {"uv": [8, 9, 6, 15], "texture": "#all"}
			}
		},
		{
			"name": "heavy_core",
			"from": [4, 8, 6],
			"to": [5, 12, 10],
			"rotation": {"angle": 0, "axis": "y", "origin": [9, 8, 2]},
			"faces": {
				"north": {"uv": [8, 8, 6, 16], "texture": "#all"},
				"east": {"uv": [8, 0, 0, 8], "texture": "#all"},
				"south": {"uv": [8, 8, 6, 16], "texture": "#all"},
				"west": {"uv": [8, 0, 0, 8], "texture": "#all"},
				"up": {"uv": [6, 16, 8, 8], "texture": "#all"},
				"down": {"uv": [6, 8, 8, 16], "texture": "#all"}
			}
		},
		{
			"name": "heavy_core",
			"from": [5, 8.5, 6.5],
			"to": [6, 11.5, 9.5],
			"rotation": {"angle": 0, "axis": "y", "origin": [10, 8, 3]},
			"faces": {
				"north": {"uv": [8, 9, 6, 15], "texture": "#all"},
				"south": {"uv": [8, 9, 6, 15], "texture": "#all"},
				"up": {"uv": [6, 15, 8, 9], "texture": "#all"},
				"down": {"uv": [6, 9, 8, 15], "texture": "#all"}
			}
		},
		{
			"from": [7.25, 0, 7.5],
			"to": [8.75, 8, 8.5],
			"rotation": {"angle": 0, "axis": "y", "origin": [7, -2, 7]},
			"faces": {
				"north": {"uv": [12, 4, 14, 16], "texture": "#all"},
				"east": {"uv": [14, 4, 16, 16], "texture": "#all"},
				"south": {"uv": [10, 4, 12, 16], "texture": "#all"},
				"west": {"uv": [8, 4, 10, 16], "texture": "#all"}
			}
		},
		{
			"from": [7.25, 12, 7.5],
			"to": [8.75, 12.5, 8.5],
			"rotation": {"angle": 0, "axis": "y", "origin": [7, 10, 7]},
			"faces": {
				"north": {"uv": [4, 11, 3, 13], "texture": "#all"},
				"east": {"uv": [5, 13, 3, 14], "texture": "#all"},
				"south": {"uv": [5, 11, 3, 12], "texture": "#all"},
				"west": {"uv": [5, 10, 3, 11], "texture": "#all"},
				"up": {"uv": [3, 14, 5, 11], "rotation": 90, "texture": "#all"}
			}
		},
		{
			"from": [7, -1.25, 7],
			"to": [9, 0, 9],
			"rotation": {"angle": 0, "axis": "z", "origin": [8, -1, 8]},
			"faces": {
				"north": {"uv": [3, 2, 6, 4], "texture": "#all"},
				"east": {"uv": [2, 2, 5, 4], "texture": "#all"},
				"south": {"uv": [2, 4, 5, 6], "texture": "#all"},
				"west": {"uv": [3, 4, 6, 6], "texture": "#all"},
				"up": {"uv": [6, 6, 3, 3], "texture": "#all"},
				"down": {"uv": [6, 3, 3, 6], "texture": "#all"}
			}
		},
		{
			"from": [7, 5, 7],
			"to": [9, 5.625, 9],
			"rotation": {"angle": 0, "axis": "z", "origin": [8, 5, 8]},
			"faces": {
				"north": {"uv": [3, 4, 6, 5], "texture": "#all"},
				"east": {"uv": [3, 4, 6, 5], "texture": "#all"},
				"south": {"uv": [3, 4, 6, 5], "texture": "#all"},
				"west": {"uv": [3, 4, 6, 5], "texture": "#all"},
				"up": {"uv": [6, 6, 3, 3], "texture": "#all"},
				"down": {"uv": [6, 3, 3, 6], "texture": "#all"}
			}
		},
		{
			"from": [7, 0.5, 7],
			"to": [9, 1.125, 9],
			"rotation": {"angle": 0, "axis": "z", "origin": [8, 0, 8]},
			"faces": {
				"north": {"uv": [3, 4, 6, 5], "texture": "#all"},
				"east": {"uv": [3, 4, 6, 5], "texture": "#all"},
				"south": {"uv": [3, 4, 6, 5], "texture": "#all"},
				"west": {"uv": [3, 4, 6, 5], "texture": "#all"},
				"up": {"uv": [6, 6, 3, 3], "texture": "#all"},
				"down": {"uv": [6, 3, 3, 6], "texture": "#all"}
			}
		}
	],
	"gui_light": "front",
	"display": {
		"thirdperson_righthand": {
			"rotation": [0, -90, 0],
			"translation": [0, 4, 1.25],
			"scale": [1.2, 1.2, 1.2]
		},
		"thirdperson_lefthand": {
			"rotation": [0, -90, 0],
			"translation": [0, 4, 1.25],
			"scale": [1.2, 1.2, 1.2]
		},
		"firstperson_righthand": {
			"rotation": [0, -90, -22],
			"translation": [0, 4.5, 1.25]
		},
		"firstperson_lefthand": {
			"rotation": [0, -90, -22],
			"translation": [0, 4.5, 1.25]
		},
		"ground": {
			"rotation": [0, 0, -180]
		},
		"gui": {
			"rotation": [0, 0, -45],
			"translation": [1, 1, 0],
			"scale": [1.2, 1.2, 1.2]
		},
		"fixed": {
			"rotation": [0, 0, 45],
			"translation": [-1, 1, 0],
			"scale": [1.3, 1.3, 1.3]
		}
	}
}