{
	"format_version": "1.21.6",
	"credit": "Made with Blockbench",
	"parent": "netherite_shovel",
	"texture_size": [32, 32],
	"textures": {
		"0": "item/netherite/netherite_shovel",
		"particle": "item/netherite/netherite_shovel"
	},
	"elements": [
		{
			"from": [7.25, -1, 7.5],
			"to": [8.75, 8, 8.5],
			"rotation": {"angle": 0, "axis": "y", "origin": [7, -2, 7]},
			"faces": {
				"north": {"uv": [0.5, 2.5, 1.5, 8.5], "texture": "#0"},
				"east": {"uv": [0, 2.5, 0.5, 8.5], "texture": "#0"},
				"south": {"uv": [2, 2.5, 3, 8.5], "texture": "#0"},
				"west": {"uv": [1.5, 2.5, 2, 8.5], "texture": "#0"},
				"up": {"uv": [1, 9, 0, 8.5], "texture": "#0"}
			}
		},
		{
			"from": [8, -3, 7.25],
			"to": [10, -1, 8.75],
			"rotation": {"angle": 45, "axis": "z", "origin": [8, -3, 7]},
			"faces": {
				"north": {"uv": [1, 10, 2.5, 11.5], "texture": "#0"},
				"east": {"uv": [0, 10, 1, 11.5], "texture": "#0"},
				"south": {"uv": [3.5, 10, 5, 11.5], "texture": "#0"},
				"west": {"uv": [2.5, 10, 3.5, 11.5], "texture": "#0"},
				"up": {"uv": [2.5, 10, 1, 9], "texture": "#0"},
				"down": {"uv": [4, 9, 2.5, 10], "texture": "#0"}
			}
		},
		{
			"from": [7, 7.5, 7.25],
			"to": [9, 9.5, 8.75],
			"rotation": {"angle": 0, "axis": "y", "origin": [8, 8.75, 8]},
			"faces": {
				"north": {"uv": [4.5, 1, 6, 2.5], "texture": "#0"},
				"east": {"uv": [3.5, 1, 4.5, 2.5], "texture": "#0"},
				"south": {"uv": [7, 1, 8.5, 2.5], "texture": "#0"},
				"west": {"uv": [6, 1, 7, 2.5], "texture": "#0"},
				"up": {"uv": [6, 1, 4.5, 0], "texture": "#0"},
				"down": {"uv": [7.5, 0, 6, 1], "texture": "#0"}
			}
		},
		{
			"from": [6.4, 8.5, 7.75],
			"to": [9.6, 11.7, 8.25],
			"rotation": {"angle": 0, "axis": "y", "origin": [7, 10, 8]},
			"faces": {
				"north": {"uv": [4, 3.5, 6, 5.5], "texture": "#0"},
				"east": {"uv": [3.5, 3.5, 4, 5.5], "texture": "#0"},
				"south": {"uv": [6.5, 3.5, 8.5, 5.5], "texture": "#0"},
				"west": {"uv": [6, 3.5, 6.5, 5.5], "texture": "#0"},
				"up": {"uv": [6, 3, 4, 3.5], "texture": "#0"},
				"down": {"uv": [8, 3, 6, 3.5], "texture": "#0"}
			}
		},
		{
			"from": [7.20002, 11.70002, 7.75],
			"to": [8.80002, 12.50002, 8.25],
			"rotation": {"angle": 0, "axis": "y", "origin": [5.95002, 13.00002, 8]},
			"faces": {
				"north": {"uv": [7.5, 6.5, 8.5, 7], "texture": "#0"},
				"east": {"uv": [8.5, 6.5, 9, 7], "texture": "#0"},
				"south": {"uv": [9, 6.5, 10, 7], "texture": "#0"},
				"west": {"uv": [7, 6.5, 7.5, 7], "texture": "#0"},
				"up": {"uv": [8.5, 6, 7.5, 6.5], "texture": "#0"},
				"down": {"uv": [9.5, 6, 8.5, 6.5], "texture": "#0"}
			}
		},
		{
			"from": [6.35148, 11.58284, 7.751],
			"to": [7.48288, 12.14854, 8.249],
			"rotation": {"angle": 45, "axis": "z", "origin": [6.91718, 11.98284, 8]},
			"faces": {
				"north": {"uv": [4, 6, 5, 6.5], "texture": "#0"},
				"east": {"uv": [3.5, 6.5, 4, 7], "texture": "#0"},
				"south": {"uv": [5, 6, 6, 6.5], "texture": "#0"},
				"west": {"uv": [5, 6.5, 5.5, 7], "texture": "#0"},
				"up": {"uv": [5, 6.5, 4, 7], "texture": "#0"},
				"down": {"uv": [6.5, 6.5, 5.5, 7], "texture": "#0"}
			}
		},
		{
			"from": [8.63432, 11.06568, 7.751],
			"to": [9.76572, 11.63138, 8.249],
			"rotation": {"angle": -45, "axis": "z", "origin": [9.76572, 11.86568, 7.75]},
			"faces": {
				"north": {"uv": [5, 8.5, 4, 8], "texture": "#0"},
				"east": {"uv": [5, 8.5, 5.5, 8], "texture": "#0"},
				"south": {"uv": [6.5, 8.5, 5.5, 8], "texture": "#0"},
				"west": {"uv": [3.5, 8.5, 4, 8], "texture": "#0"},
				"up": {"uv": [4, 8, 5, 7.5], "texture": "#0"},
				"down": {"uv": [5, 8, 6, 7.5], "texture": "#0"}
			}
		}
	],
	"gui_light": "front",
	"display": {
		"thirdperson_righthand": {
			"rotation": [0, 90, 0],
			"translation": [0, 6, 1.25],
			"scale": [1.2, 1.2, 1.2]
		},
		"thirdperson_lefthand": {
			"rotation": [0, -90, 0],
			"translation": [0, 6, 1.25],
			"scale": [1.2, 1.2, 1.2]
		},
		"firstperson_righthand": {
			"rotation": [0, 90, 22],
			"translation": [0, 4.5, 1.25]
		},
		"firstperson_lefthand": {
			"rotation": [0, -90, -22],
			"translation": [0, 4.5, 1.25]
		},
		"ground": {
			"rotation": [0, 0, 45],
			"translation": [-2.25, 4, 0]
		},
		"gui": {
			"rotation": [0, 0, -45],
			"translation": [2.75, 2.75, 0],
			"scale": [1.2, 1.2, 1.2]
		},
		"fixed": {
			"rotation": [0, 0, 45],
			"translation": [-2.75, 2.75, 0],
			"scale": [1.3, 1.3, 1.3]
		}
	}
}