{
	"format_version": "1.21.6",
	"credit": "Made with Blockbench",
	"texture_size": [32, 32],
	"textures": {
		"0": "item/trident"
	},
	"elements": [
		{
			"name": "body",
			"from": [7, 23, 7],
			"to": [9, 24, 9],
			"rotation": {"angle": 0, "axis": "y", "origin": [8, 0, 8]},
			"faces": {
				"north": {"uv": [3.5, 1, 4.5, 1.5], "texture": "#0"},
				"east": {"uv": [2.5, 1, 3.5, 1.5], "texture": "#0"},
				"south": {"uv": [5.5, 1, 6.5, 1.5], "texture": "#0"},
				"west": {"uv": [4.5, 1, 5.5, 1.5], "texture": "#0"},
				"up": {"uv": [4.5, 1, 3.5, 0], "texture": "#0"},
				"down": {"uv": [5.5, 0, 4.5, 1], "texture": "#0"}
			}
		},
		{
			"name": "body",
			"from": [7, 3, 7],
			"to": [9, 4, 9],
			"rotation": {"angle": 0, "axis": "y", "origin": [8, 0, 8]},
			"faces": {
				"north": {"uv": [3.5, 3, 4.5, 3.5], "texture": "#0"},
				"east": {"uv": [2.5, 3, 3.5, 3.5], "texture": "#0"},
				"south": {"uv": [5.5, 3, 6.5, 3.5], "texture": "#0"},
				"west": {"uv": [4.5, 3, 5.5, 3.5], "texture": "#0"},
				"up": {"uv": [4.5, 3, 3.5, 2], "texture": "#0"},
				"down": {"uv": [5.5, 2, 4.5, 3], "texture": "#0"}
			}
		},
		{
			"name": "body",
			"from": [7.5, 1, 7.5],
			"to": [8.5, 26, 8.5],
			"rotation": {"angle": 0, "axis": "y", "origin": [8, 0, 8]},
			"faces": {
				"north": {"uv": [0.5, 0.5, 1, 13], "texture": "#0"},
				"east": {"uv": [0, 0.5, 0.5, 13], "texture": "#0"},
				"south": {"uv": [1.5, 0.5, 2, 13], "texture": "#0"},
				"west": {"uv": [1, 0.5, 1.5, 13], "texture": "#0"},
				"up": {"uv": [1, 0.5, 0.5, 0], "texture": "#0"},
				"down": {"uv": [1.5, 0, 1, 0.5], "texture": "#0"}
			}
		},
		{
			"name": "body_sub_0",
			"from": [7, 0, 7.25],
			"to": [9, 2, 8.75],
			"rotation": {"angle": 45, "axis": "z", "origin": [8, 1, 8]},
			"faces": {
				"north": {"uv": [10.5, 1, 12, 2.5], "texture": "#0"},
				"east": {"uv": [9.5, 1, 10.5, 2.5], "texture": "#0"},
				"south": {"uv": [13, 1, 14.5, 2.5], "texture": "#0"},
				"west": {"uv": [12, 1, 13, 2.5], "texture": "#0"},
				"up": {"uv": [12, 1, 10.5, 0], "texture": "#0"},
				"down": {"uv": [13.5, 0, 12, 1], "texture": "#0"}
			}
		},
		{
			"name": "base2",
			"from": [7, 24.8, 7.25],
			"to": [9, 26.8, 8.75],
			"rotation": {"angle": 45, "axis": "z", "origin": [8, 25.8, 8]},
			"faces": {
				"north": {"uv": [3.5, 11, 5.5, 13], "texture": "#0"},
				"east": {"uv": [2.5, 11, 3.5, 13], "texture": "#0"},
				"south": {"uv": [6.5, 11, 8.5, 13], "texture": "#0"},
				"west": {"uv": [5.5, 11, 6.5, 13], "texture": "#0"},
				"up": {"uv": [5.5, 11, 3.5, 10], "texture": "#0"},
				"down": {"uv": [7.5, 10, 5.5, 11], "texture": "#0"}
			}
		},
		{
			"name": "left_spike",
			"from": [9.5, 26, 7.5],
			"to": [10.5, 30, 8.5],
			"rotation": {"angle": 0, "axis": "y", "origin": [8, 0, 8]},
			"faces": {
				"north": {"uv": [5.5, 4.5, 6, 6.5], "texture": "#0"},
				"east": {"uv": [5, 4.5, 5.5, 6.5], "texture": "#0"},
				"south": {"uv": [6.5, 4.5, 7, 6.5], "texture": "#0"},
				"west": {"uv": [6, 4.5, 6.5, 6.5], "texture": "#0"},
				"up": {"uv": [6, 4.5, 5.5, 4], "texture": "#0"},
				"down": {"uv": [6.5, 4, 6, 4.5], "texture": "#0"}
			}
		},
		{
			"name": "left_spike_sub_0",
			"from": [5.57716, 25.38791, 7.5],
			"to": [8.57716, 26.38791, 8.5],
			"rotation": {"angle": -22.5, "axis": "z", "origin": [7.07716, 25.88791, 8]},
			"faces": {
				"north": {"uv": [5.5, 9, 6, 7.5], "rotation": 270, "texture": "#0"},
				"east": {"uv": [6.5, 7, 6, 7.5], "texture": "#0"},
				"south": {"uv": [6.5, 9, 7, 7.5], "rotation": 90, "texture": "#0"},
				"west": {"uv": [6, 7, 5.5, 7.5], "texture": "#0"},
				"up": {"uv": [5.5, 7.5, 5, 9], "rotation": 270, "texture": "#0"},
				"down": {"uv": [6, 7.5, 6.5, 9], "rotation": 270, "texture": "#0"}
			}
		},
		{
			"name": "left_spike_sub_1",
			"from": [9.5, 29.5, 7.5],
			"to": [10.5, 30.5, 8.5],
			"rotation": {"angle": 45, "axis": "z", "origin": [10, 30, 8]},
			"faces": {
				"north": {"uv": [8, 3.5, 8.5, 4], "texture": "#0"},
				"east": {"uv": [7.5, 3.5, 8, 4], "texture": "#0"},
				"south": {"uv": [9, 3.5, 9.5, 4], "texture": "#0"},
				"west": {"uv": [8.5, 3.5, 9, 4], "texture": "#0"},
				"up": {"uv": [8.5, 3.5, 8, 3], "texture": "#0"},
				"down": {"uv": [9, 3, 8.5, 3.5], "texture": "#0"}
			}
		},
		{
			"name": "middle_spike",
			"from": [7.5, 26, 7.5],
			"to": [8.5, 31, 8.5],
			"rotation": {"angle": 0, "axis": "y", "origin": [8, 0, 8]},
			"faces": {
				"north": {"uv": [3, 4.5, 3.5, 7], "texture": "#0"},
				"east": {"uv": [2.5, 4.5, 3, 7], "texture": "#0"},
				"south": {"uv": [4, 4.5, 4.5, 7], "texture": "#0"},
				"west": {"uv": [3.5, 4.5, 4, 7], "texture": "#0"},
				"up": {"uv": [3.5, 4.5, 3, 4], "texture": "#0"},
				"down": {"uv": [4, 4, 3.5, 4.5], "texture": "#0"}
			}
		},
		{
			"name": "middle_spike_sub_0",
			"from": [7.5, 30.5, 7.5],
			"to": [8.5, 31.5, 8.5],
			"rotation": {"angle": 45, "axis": "z", "origin": [8, 31, 8]},
			"faces": {
				"north": {"uv": [8, 5, 8.5, 5.5], "texture": "#0"},
				"east": {"uv": [7.5, 5, 8, 5.5], "texture": "#0"},
				"south": {"uv": [9, 5, 9.5, 5.5], "texture": "#0"},
				"west": {"uv": [8.5, 5, 9, 5.5], "texture": "#0"},
				"up": {"uv": [8.5, 5, 8, 4.5], "texture": "#0"},
				"down": {"uv": [9, 4.5, 8.5, 5], "texture": "#0"}
			}
		},
		{
			"name": "right_spike",
			"from": [5.5, 26, 7.5],
			"to": [6.5, 30, 8.5],
			"rotation": {"angle": 0, "axis": "y", "origin": [8, 0, 8]},
			"faces": {
				"north": {"uv": [7.5, 0.5, 8, 2.5], "texture": "#0"},
				"east": {"uv": [7, 0.5, 7.5, 2.5], "texture": "#0"},
				"south": {"uv": [8.5, 0.5, 9, 2.5], "texture": "#0"},
				"west": {"uv": [8, 0.5, 8.5, 2.5], "texture": "#0"},
				"up": {"uv": [8, 0.5, 7.5, 0], "texture": "#0"},
				"down": {"uv": [8.5, 0, 8, 0.5], "texture": "#0"}
			}
		},
		{
			"name": "right_spike_sub_0",
			"from": [7.42284, 25.38791, 7.5],
			"to": [10.42284, 26.38791, 8.5],
			"rotation": {"angle": 22.5, "axis": "z", "origin": [8.92284, 25.88791, 8]},
			"faces": {
				"north": {"uv": [3, 8, 3.5, 9.5], "rotation": 270, "texture": "#0"},
				"east": {"uv": [3, 7.5, 3.5, 8], "texture": "#0"},
				"south": {"uv": [4, 8, 4.5, 9.5], "rotation": 90, "texture": "#0"},
				"west": {"uv": [3.5, 7.5, 4, 8], "texture": "#0"},
				"up": {"uv": [3, 9.5, 2.5, 8], "rotation": 270, "texture": "#0"},
				"down": {"uv": [3.5, 9.5, 4, 8], "rotation": 270, "texture": "#0"}
			}
		},
		{
			"name": "right_spike_sub_1",
			"from": [5.5, 29.5, 7.5],
			"to": [6.5, 30.5, 8.5],
			"rotation": {"angle": 45, "axis": "z", "origin": [6, 30, 8]},
			"faces": {
				"north": {"uv": [8, 6.5, 8.5, 7], "texture": "#0"},
				"east": {"uv": [7.5, 6.5, 8, 7], "texture": "#0"},
				"south": {"uv": [9, 6.5, 9.5, 7], "texture": "#0"},
				"west": {"uv": [8.5, 6.5, 9, 7], "texture": "#0"},
				"up": {"uv": [8.5, 6.5, 8, 6], "texture": "#0"},
				"down": {"uv": [9, 6, 8.5, 6.5], "texture": "#0"}
			}
		}
	],
	"gui_light": "front",
	"display": {
		"thirdperson_righthand": {
			"rotation": [0, 90, 0],
			"translation": [0, -12, 1]
		},
		"thirdperson_lefthand": {
			"rotation": [0, 90, 0],
			"translation": [0, -12, 1]
		},
		"ground": {
			"rotation": [90, 0, 0],
			"translation": [0, 0, -7]
		},
		"gui": {
			"rotation": [0, 0, -45],
			"translation": [-13.75, -13.75, 0],
			"scale": [1.2, 1.2, 1.2]
		},
		"fixed": {
			"rotation": [0, 0, 45],
			"translation": [6.75, -6.5, 0],
			"scale": [1.2, 1.2, 1.2]
		}
	},
	"groups": [
		{
			"name": "body",
			"origin": [8, 27, 8],
			"color": 0,
			"children": [
				0,
				1,
				2,
				{
					"name": "body_sub_0",
					"origin": [8, 1, 8],
					"color": 0,
					"children": [3]
				},
				{
					"name": "base",
					"origin": [8, 27, 8],
					"color": 0,
					"children": [
						{
							"name": "base2",
							"origin": [8, 25.8, 8],
							"color": 0,
							"children": [4]
						}
					]
				},
				{
					"name": "left_spike",
					"origin": [8, 27, 8],
					"color": 0,
					"children": [
						5,
						{
							"name": "left_spike_sub_0",
							"origin": [10, 23, 8],
							"color": 0,
							"children": [6]
						},
						{
							"name": "left_spike_sub_1",
							"origin": [10, 30, 8],
							"color": 0,
							"children": [7]
						}
					]
				},
				{
					"name": "middle_spike",
					"origin": [8, 27, 8],
					"color": 0,
					"children": [
						8,
						{
							"name": "middle_spike_sub_0",
							"origin": [8, 31, 8],
							"color": 0,
							"children": [9]
						}
					]
				},
				{
					"name": "right_spike",
					"origin": [8, 27, 8],
					"color": 0,
					"children": [
						10,
						{
							"name": "right_spike_sub_0",
							"origin": [6, 23, 8],
							"color": 0,
							"children": [11]
						},
						{
							"name": "right_spike_sub_1",
							"origin": [6, 30, 8],
							"color": 0,
							"children": [12]
						}
					]
				}
			]
		}
	]
}