{
	"format_version": "1.21.6",
	"credit": "Made with Blockbench",
	"parent": "wooden_hoe",
	"texture_size": [32, 32],
	"textures": {
		"0": "item/wooden/wooden_hoe",
		"particle": "item/wooden/wooden_hoe"
	},
	"elements": [
		{
			"from": [7.25, -1, 7.5],
			"to": [8.75, 11, 8.5],
			"rotation": {"angle": 0, "axis": "y", "origin": [7, -2, 7]},
			"faces": {
				"north": {"uv": [0.5, 0.5, 1.5, 8.5], "texture": "#0"},
				"east": {"uv": [0, 0.5, 0.5, 8.5], "texture": "#0"},
				"south": {"uv": [2, 0.5, 3, 8.5], "texture": "#0"},
				"west": {"uv": [1.5, 0.5, 2, 8.5], "texture": "#0"},
				"up": {"uv": [1.5, 0.5, 0.5, 0], "texture": "#0"}
			}
		},
		{
			"from": [9, 10, 6],
			"to": [13, 10.5, 8],
			"rotation": {"angle": -22.5, "axis": "x", "origin": [9, 10.5, 8]},
			"faces": {
				"north": {"uv": [9.5, 5, 7.5, 5.5], "texture": "#0"},
				"east": {"uv": [4.5, 5, 3.5, 5.5], "texture": "#0"},
				"south": {"uv": [6.5, 5, 4.5, 5.5], "texture": "#0"},
				"west": {"uv": [7.5, 5, 6.5, 5.5], "texture": "#0"},
				"up": {"uv": [6.5, 4, 4.5, 5], "texture": "#0"},
				"down": {"uv": [8.5, 5, 6.5, 4], "texture": "#0"}
			}
		},
		{
			"from": [9, 10, 8],
			"to": [13, 10.5, 10],
			"rotation": {"angle": 22.5, "axis": "x", "origin": [9, 10.5, 8]},
			"faces": {
				"north": {"uv": [4.5, 7, 6.5, 7.5], "texture": "#0"},
				"east": {"uv": [3.5, 7, 4.5, 7.5], "texture": "#0"},
				"south": {"uv": [7.5, 7, 9.5, 7.5], "texture": "#0"},
				"west": {"uv": [6.5, 7, 7.5, 7.5], "texture": "#0"},
				"up": {"uv": [6.5, 7, 4.5, 6], "texture": "#0"},
				"down": {"uv": [8.5, 6, 6.5, 7], "texture": "#0"}
			}
		},
		{
			"from": [8, -3, 7.25],
			"to": [10, -1, 8.75],
			"rotation": {"angle": 45, "axis": "z", "origin": [8, -3, 7]},
			"faces": {
				"north": {"uv": [1, 10, 2.5, 11.5], "texture": "#0"},
				"east": {"uv": [0, 10, 1, 11.5], "texture": "#0"},
				"south": {"uv": [3.5, 10, 5, 11.5], "texture": "#0"},
				"west": {"uv": [2.5, 10, 3.5, 11.5], "texture": "#0"},
				"up": {"uv": [2.5, 10, 1, 9], "texture": "#0"},
				"down": {"uv": [4, 9, 2.5, 10], "texture": "#0"}
			}
		},
		{
			"from": [8.75, 8.75, 7.5],
			"to": [10, 10.25, 8.5],
			"rotation": {"angle": 0, "axis": "y", "origin": [8.38737, 9.05197, 8]},
			"faces": {
				"north": {"uv": [10, 1.5, 9, 2.5], "texture": "#0"},
				"east": {"uv": [11, 1.5, 10, 2.5], "texture": "#0"},
				"south": {"uv": [12, 1.5, 11, 2.5], "texture": "#0"},
				"west": {"uv": [9, 1.5, 8.5, 2.5], "texture": "#0"},
				"up": {"uv": [9, 1.5, 10, 0.5], "texture": "#0"},
				"down": {"uv": [10, 0.5, 11, 1.5], "texture": "#0"}
			}
		},
		{
			"from": [6, 8.75, 7.5],
			"to": [7.25, 10.25, 8.5],
			"rotation": {"angle": 0, "axis": "y", "origin": [7.61263, 9.05197, 8]},
			"faces": {
				"north": {"uv": [9, 1.5, 10, 2.5], "texture": "#0"},
				"east": {"uv": [8.5, 1.5, 9, 2.5], "texture": "#0"},
				"south": {"uv": [11, 1.5, 12, 2.5], "texture": "#0"},
				"west": {"uv": [10, 1.5, 11, 2.5], "texture": "#0"},
				"up": {"uv": [10, 1.5, 9, 0.5], "texture": "#0"},
				"down": {"uv": [11, 0.5, 10, 1.5], "texture": "#0"}
			}
		},
		{
			"from": [6.55, 9, 7.3],
			"to": [9.25, 9.5, 8.6],
			"rotation": {"angle": -45, "axis": "z", "origin": [8.2, 9.25, 8]},
			"faces": {
				"north": {"uv": [10.5, 7, 12, 7.5], "texture": "#0"},
				"east": {"uv": [10, 7, 10.5, 7.5], "texture": "#0"},
				"south": {"uv": [12.5, 7, 14, 7.5], "texture": "#0"},
				"west": {"uv": [12, 7, 12.5, 7.5], "texture": "#0"},
				"up": {"uv": [12, 7, 10.5, 6], "texture": "#0"},
				"down": {"uv": [13.5, 6, 12, 7], "texture": "#0"}
			}
		},
		{
			"from": [6.75, 9, 7.4],
			"to": [9.45, 9.5, 8.7],
			"rotation": {"angle": 45, "axis": "z", "origin": [7.8, 9.25, 8]},
			"faces": {
				"north": {"uv": [12, 5, 10.5, 5.5], "texture": "#0"},
				"east": {"uv": [12.5, 5, 12, 5.5], "texture": "#0"},
				"south": {"uv": [14, 5, 12.5, 5.5], "texture": "#0"},
				"west": {"uv": [10.5, 5, 10, 5.5], "texture": "#0"},
				"up": {"uv": [10.5, 5, 12, 4], "texture": "#0"},
				"down": {"uv": [12, 4, 13.5, 5], "texture": "#0"}
			}
		}
	],
	"gui_light": "front",
	"display": {
		"thirdperson_righthand": {
			"rotation": [0, 90, 0],
			"translation": [0, 6, 1.25],
			"scale": [1.2, 1.2, 1.2]
		},
		"thirdperson_lefthand": {
			"rotation": [0, -90, 0],
			"translation": [0, 6.25, 1.25],
			"scale": [1.2, 1.2, 1.2]
		},
		"firstperson_righthand": {
			"rotation": [0, 90, 22],
			"translation": [0, 4.5, 1.25]
		},
		"firstperson_lefthand": {
			"rotation": [0, -90, -22],
			"translation": [0, 4.5, 1.25]
		},
		"ground": {
			"rotation": [0, 0, 45],
			"translation": [-2.25, 4, 0]
		},
		"gui": {
			"rotation": [0, -180, 45],
			"translation": [3.75, 1.5, 0],
			"scale": [1.15, 1.15, 1.15]
		},
		"fixed": {
			"rotation": [0, 0, 45],
			"translation": [-3, 1.75, 0],
			"scale": [1.3, 1.3, 1.3]
		}
	}
}